"variavel","rotulo","tipo","geral","sem_diabetes","com_diabetes","smd"
"GenHlth","Saúde geral (1 excelente … 5 ruim)","média (DP)","2.5 (1.1)","2.4 (1.0)","3.3 (1.0)",0.891
"HighBP","Pressão alta","% sim","42.9%","37.7%","75.3%",0.82
"BMI","IMC","média (DP)","28.4 (6.6)","27.8 (6.3)","31.9 (7.4)",0.604
"HighChol","Colesterol alto","% sim","42.4%","38.4%","67.0%",0.597
"Age","Faixa etária (13 faixas de 5 anos)","média (DP)","8.0 (3.1)","7.8 (3.1)","9.4 (2.3)",0.571
"DiffWalk","Dificuldade para andar","% sim","16.8%","13.5%","37.1%",0.563
"Income","Renda (1–8)","média (DP)","6.1 (2.1)","6.2 (2.0)","5.2 (2.2)",-0.463
"PhysHlth","Dias de saúde física ruim (30 d)","média (DP)","4.2 (8.7)","3.6 (8.1)","8.0 (11.3)",0.439
"HeartDiseaseorAttack","Doença cardíaca / infarto","% sim","9.4%","7.3%","22.3%",0.431
"Education","Escolaridade (1–6)","média (DP)","5.1 (1.0)","5.1 (1.0)","4.7 (1.1)",-0.35
"PhysActivity","Atividade física (30 dias)","% sim","75.7%","77.7%","63.1%",-0.325
"Stroke","AVC prévio","% sim","4.1%","3.2%","9.2%",0.251
"CholCheck","Checou colesterol (5 anos)","% sim","96.3%","95.8%","99.3%",0.231
"HvyAlcoholConsump","Consumo pesado de álcool","% sim","5.6%","6.1%","2.4%",-0.189
"MentHlth","Dias de saúde mental ruim (30 d)","média (DP)","3.2 (7.4)","3.0 (7.1)","4.5 (8.9)",0.184
"Smoker","Fumante (≥ 100 cigarros na vida)","% sim","44.3%","43.1%","51.8%",0.175
"Veggies","Come verdura todo dia","% sim","81.1%","82.0%","75.6%",-0.157
"Fruits","Come fruta todo dia","% sim","63.4%","64.2%","58.5%",-0.117
"Sex","Sexo masculino","% sim","44.0%","43.4%","47.9%",0.091
"NoDocbcCost","Deixou de ir ao médico por custo","% sim","8.4%","8.1%","10.6%",0.087
"AnyHealthcare","Tem cobertura de saúde","% sim","95.1%","95.0%","96.0%",0.049
