"modelo","repeticao","fold","n_treino","n_teste","auc","acuracia","sensibilidade","especificidade","precisao","f1","brier","auc_pr","limiar_prev","acuracia_lprev","sensibilidade_lprev","especificidade_lprev","precisao_lprev","f1_lprev","segundos"
"logistica",1,1,202943,50737,0.822502610650899,0.86392573467095,0.157142857142857,0.978358943824856,0.540369649805447,0.24348016655709,0.0989697360530531,0.40694753285334,0.139329762544163,0.731596270965962,0.766195190947666,0.725994458057572,0.31164422966287,0.443072141338132,2
"arvore",1,1,202943,50737,0.737614462858598,0.86516743205156,0.135643564356436,0.983282570362058,0.567791592658378,0.218974768809225,0.104910051664838,0.320117682436716,0.139329762544163,0.763781855450657,0.60961810466761,0.788742070671216,0.318433690432213,0.418345061878185,11
"rf",1,1,202943,50737,0.821789038677021,0.866014939787532,0.13988684582744,0.983580278013145,0.579718640093787,0.22538742023701,0.0978483179331958,0.421103941154308,0.139329762544163,0.704811084612807,0.799292786421499,0.689513820505187,0.294185017439742,0.430077247992694,63
"gbm",1,1,202943,50737,0.829521532529412,0.866054358751996,0.191371994342291,0.975290264959809,0.556332236842105,0.284782151126079,0.0969063925636581,0.43388320710518,0.139329762544163,0.743362831858407,0.766760961810467,0.739574507064832,0.32281307687727,0.454343544399279,189
"logistica",1,2,202944,50736,0.822957216721364,0.863036108483128,0.15334559343613,0.977923832642499,0.529296875,0.237797521114402,0.0990130738004428,0.403440715301969,0.139334003468937,0.728200883002208,0.772810864337247,0.72097922916619,0.30957103190344,0.442061822301343,1
"arvore",1,2,202944,50736,0.721175005063382,0.864908546199937,0.102419012590182,0.988343600430531,0.587185725871857,0.174415803420862,0.106636560381385,0.298484178162707,0.139334003468937,0.640708766950489,0.750176828405715,0.622987610781597,0.243636864835064,0.367816889197156,11
"rf",1,2,202944,50736,0.823799313055558,0.866603595080416,0.145282218135521,0.983374172716239,0.585852823730747,0.232827023350714,0.0974955641677688,0.425404236179933,0.139334003468937,0.699897508672343,0.81114726269628,0.68188792451966,0.292178343949045,0.429609650108639,63
"gbm",1,2,202944,50736,0.831607471031768,0.867076631977294,0.193803932663743,0.976068884970344,0.567287784679089,0.288907633909743,0.0964672740592769,0.433711689961343,0.139334003468937,0.737464522232734,0.771396237091526,0.73197151166785,0.317829457364341,0.450177495253034,202
"logistica",1,3,202944,50736,0.822476109987137,0.862779880163986,0.151930966190409,0.977855130876863,0.526212640862322,0.235784851811196,0.0991048157447419,0.404160531453295,0.139334003468937,0.730605487228004,0.768142594426369,0.724528820390684,0.311014376539321,0.442759295499021,1
"arvore",1,3,202944,50736,0.724981948495264,0.864001892147587,0.112887254208516,0.985595529805116,0.559215136650315,0.187853107344633,0.106548017576571,0.298408869024273,0.139334003468937,0.644631031220435,0.756259725562314,0.626560102594637,0.246894194799797,0.372258199289743,11
"rf",1,3,202944,50736,0.822236552790766,0.865618101545254,0.142594426368652,0.98266425447134,0.571104815864023,0.228209191759113,0.0980319981948401,0.416639641952867,0.139334003468937,0.704667297382529,0.801103409251662,0.689055808734285,0.29431942206746,0.430482706195363,57
"gbm",1,3,202944,50736,0.829451791560923,0.864494638915169,0.18475031829113,0.97453454553782,0.540115798180314,0.275324127753768,0.0972861942291191,0.42693827753415,0.139334003468937,0.744027909176916,0.766727967180648,0.740353127075366,0.323427616660699,0.454946069584925,198
"logistica",1,4,202944,50736,0.822279514476293,0.863923052664775,0.160135804215589,0.977855130876863,0.539304430681277,0.24694589877836,0.0990270580010381,0.405053529838415,0.139334003468937,0.727057710501419,0.769840147121234,0.72013190739002,0.308101681481062,0.44007763221737,1
"arvore",1,4,202944,50736,0.736342725083151,0.863962472406181,0.111755552411939,0.985732933336387,0.559094125973107,0.186276821504362,0.105243904112999,0.320695862466296,0.139334003468937,0.762614317250079,0.608572641109068,0.78755124006687,0.316812725532072,0.41669895389384,11
"rf",1,4,202944,50736,0.822672038144573,0.865854619993693,0.147404159004102,0.982160441523347,0.5722130697419,0.234420697412823,0.0977896269258197,0.424308015517829,0.139334003468937,0.699523021128981,0.803791201018532,0.682643643941649,0.29078812691914,0.427073546544402,58
"gbm",1,4,202944,50736,0.828880791350781,0.865322453484705,0.193945395388315,0.974007832001282,0.547086991221069,0.286370757180157,0.0971656677210039,0.430028548925675,0.139334003468937,0.737149164301482,0.761635309096053,0.733185242860741,0.316055180510713,0.446730833056754,193
"logistica",1,5,202945,50735,0.819655458667372,0.863782398738543,0.155184608855567,0.978495854898548,0.538801571709234,0.240966501922021,0.0992948492362957,0.403998421378467,0.139333316908522,0.727742189809796,0.762059697269769,0.722186598268676,0.307512273090535,0.438199048277545,1
"arvore",1,5,202945,50735,0.721660982251252,0.864846752734798,0.09407271184043,0.989625795813676,0.594812164579606,0.162452668865274,0.106344118762114,0.302378920425425,0.139333316908522,0.639913274859564,0.751308530202292,0.621879723354555,0.243378242140959,0.36765774808764,11
"rf",1,5,202945,50735,0.820647889365199,0.86675864787622,0.147121233554958,0.983259286401319,0.587238848108413,0.235294117647059,0.0981220720914667,0.421224481082421,0.139333316908522,0.703005814526461,0.800679021077946,0.687193697613704,0.292975826906155,0.428982871001971,56
"gbm",1,5,202945,50735,0.826825593371596,0.866088499063763,0.198472202574622,0.974167544542665,0.554326353220071,0.292291666666667,0.0975414309281882,0.426591583696837,0.139333316908522,0.740001971025919,0.758098740981751,0.737072321714835,0.318230403800475,0.44828307331967,203
"logistica",2,1,202943,50737,0.82265960924729,0.864792951889154,0.164922206506365,0.97810703735086,0.549481621112158,0.253698868581375,0.098698295420672,0.40826876715396,0.139329762544163,0.728561010702249,0.768175388967468,0.722147159181991,0.309212024595764,0.440935292684907,1
"arvore",2,1,202943,50737,0.738642370513448,0.864950627747009,0.134087694483734,0.983282570362058,0.564958283671037,0.216735253772291,0.104840936275977,0.321066511938328,0.139329762544163,0.763348246841555,0.60961810466761,0.788238257723224,0.317916943276536,0.417898870412566,11
"rf",2,1,202943,50737,0.821320410685615,0.867276346650373,0.148797736916549,0.98360317860169,0.595022624434389,0.23806291016067,0.0977512197654254,0.424697598938031,0.139329762544163,0.70193350020695,0.799151343705799,0.686193235166144,0.291944401384798,0.427657722438784,62
"gbm",2,1,202943,50737,0.828980181403109,0.866606224254489,0.195049504950495,0.9753360661369,0.561482084690554,0.289523409615788,0.0967856895639248,0.433829952255498,0.139329762544163,0.739775706092201,0.764639321074965,0.735750108777796,0.319032162879906,0.450218613366646,193
"logistica",2,2,202944,50736,0.820907863494208,0.864120151371807,0.158013863347008,0.978427645590492,0.542496357455075,0.244741454864154,0.0992946397164448,0.403023175269326,0.139334003468937,0.729166666666667,0.768284057150941,0.722834176838345,0.30974107448386,0.441490875096533,1
"arvore",2,2,202944,50736,0.740293376268303,0.86504651529486,0.136370066487481,0.983007763299517,0.565064478311841,0.2197150997151,0.104567905319632,0.322848813103791,0.139334003468937,0.764545884578997,0.614514075541095,0.788833673025397,0.320235901216366,0.421052631578947,11
"rf",2,2,202944,50736,0.822949961682738,0.865874329864396,0.142311500919508,0.983007763299517,0.575514874141876,0.228195531359873,0.0977346261116342,0.421131763860321,0.139334003468937,0.701257489750867,0.808883859103126,0.683834474545996,0.292870313460356,0.430037979919528,55
"gbm",2,2,202944,50736,0.829577987766395,0.865795490381583,0.192106379968878,0.974855153777452,0.552931596091205,0.285144356955381,0.0969663222391852,0.429601876782507,0.139334003468937,0.7415050457269,0.770688923468666,0.736780635262326,0.321567701570063,0.453792011994503,191
"logistica",2,3,202944,50736,0.820407664297315,0.862917849258909,0.151082189842976,0.97815283852795,0.528189910979229,0.234957650423496,0.0993835246125059,0.400927932336021,0.139334003468937,0.728733049511195,0.770123072570378,0.722032656239265,0.309634853827778,0.441685935661839,1
"arvore",2,3,202944,50736,0.732028810113118,0.864474929044465,0.13226764747489,0.983007763299517,0.557543231961837,0.21381202835582,0.105538717337033,0.313988513488107,0.139334003468937,0.761865342163355,0.604328759371906,0.787368035358509,0.315113963266209,0.414234461359449,11
"rf",2,3,202944,50736,0.819901211091907,0.866307947019868,0.14316027726694,0.983374172716239,0.582278481012658,0.229817190870898,0.0982901677777564,0.417943310094334,0.139334003468937,0.702026174708294,0.801244871976234,0.685964229280693,0.29230531041957,0.428344551160856,56
"gbm",2,3,202944,50736,0.82868648622275,0.865145064648376,0.190267364549441,0.97439714200655,0.546082013804304,0.28220730172052,0.0973692199710896,0.428006832944194,0.139334003468937,0.74071665089877,0.765171877210355,0.736757734673781,0.319983435873166,0.451257664872982,199
"logistica",2,4,202944,50736,0.821247722935909,0.863331756543677,0.151365115292121,0.978587949710308,0.533665835411471,0.235838659907428,0.0991204436327028,0.406161577607012,0.139334003468937,0.729600283822138,0.760503607299477,0.724597522156319,0.308930008045052,0.439377222017899,1
"arvore",2,4,202944,50736,0.722486927915462,0.865519552191738,0.0980336681284482,0.989763436920329,0.607894736842105,0.168839079059569,0.10634808586482,0.302986460772107,0.139334003468937,0.641753390097761,0.751308530202292,0.624018137266128,0.244419899673248,0.368845058684631,11
"rf",2,4,202944,50736,0.820195880017282,0.866918953011668,0.149101711698967,0.983122266242242,0.588498045784478,0.237923250564334,0.0981900908954962,0.420356354148284,0.139334003468937,0.700212866603595,0.798274154760221,0.684338287493989,0.290472023472487,0.425951086956522,58
"gbm",2,4,202944,50736,0.828573750470723,0.866209397666351,0.196774649879757,0.974580346714911,0.556177528988405,0.290700104493208,0.0970811109241492,0.433180753354226,0.139334003468937,0.739238410596026,0.755835337388598,0.736551629376875,0.317148453730635,0.446813848469644,191
"logistica",2,5,202945,50735,0.824503437036229,0.863072829407707,0.156174847927571,0.977511107039802,0.529242569511026,0.241179683233206,0.09887411087701,0.405605681755986,0.139333316908522,0.729634374692027,0.775781581553261,0.722163697155682,0.311307901907357,0.444318411991088,1
"arvore",2,5,202945,50735,0.722868359121874,0.864294865477481,0.0916678455227048,0.989373883570742,0.58273381294964,0.158415841584158,0.106625589931691,0.298638151815815,0.139333316908522,0.642061693111264,0.754562172867449,0.623849219072047,0.245139942092927,0.370056889135563,11
"rf",2,5,202945,50735,0.822122547396573,0.865654873361585,0.141462724572075,0.982892868593414,0.572409845449342,0.226860254083485,0.0979187760842972,0.420079106308284,0.139333316908522,0.700226667980684,0.806903380959117,0.682956991709797,0.291794556987927,0.428598264267198,56
"gbm",2,5,202945,50735,0.830617347399038,0.864905883512368,0.188711274579148,0.974373654559612,0.543823889115369,0.280193236714976,0.0970403231449686,0.428312693419963,0.139333316908522,0.740691830097566,0.771113311642382,0.735766958274172,0.320854670669257,0.453154875717017,190
