"modelo","fpr","tpr","auc"
"logistica",1,1,0.821961603519507
"logistica",0.997728251211447,1,0.821961603519507
"logistica",0.99544734214552,0.999971708255531,0.821961603519507
"logistica",0.993189333773027,0.999971708255531,0.821961603519507
"logistica",0.990963386371339,0.999858541277655,0.821961603519507
"logistica",0.98865957661198,0.999858541277655,0.821961603519507
"logistica",0.986374087407367,0.999830249533186,0.821961603519507
"logistica",0.984029056399828,0.999830249533186,0.821961603519507
"logistica",0.981656544560169,0.999801957788717,0.821961603519507
"logistica",0.979201590224152,0.999801957788717,0.821961603519507
"logistica",0.97684739893924,0.999773666044248,0.821961603519507
"logistica",0.974364963771103,0.999745374299779,0.821961603519507
"logistica",0.97180924638398,0.999603915577435,0.821961603519507
"logistica",0.969335971493217,0.999575623832965,0.821961603519507
"logistica",0.966835215770333,0.999547332088497,0.821961603519507
"logistica",0.964325299770077,0.999519040344028,0.821961603519507
"logistica",0.961737521412148,0.99946245685509,0.821961603519507
"logistica",0.959282567076131,0.999377581621683,0.821961603519507
"logistica",0.95661692636053,0.999292706388276,0.821961603519507
"logistica",0.954226093966125,0.999236122899338,0.821961603519507
"logistica",0.951381827841747,0.999151247665931,0.821961603519507
"logistica",0.949023056418148,0.999151247665931,0.821961603519507
"logistica",0.946320774593055,0.999151247665931,0.821961603519507
"logistica",0.943636813322707,0.999094664176993,0.821961603519507
"logistica",0.941232240512243,0.999038080688055,0.821961603519507
"logistica",0.938594080628761,0.999009788943586,0.821961603519507
"logistica",0.935850577555488,0.998868330221241,0.821961603519507
"logistica",0.933528447241383,0.998868330221241,0.821961603519507
"logistica",0.930835325693662,0.998811746732304,0.821961603519507
"logistica",0.92803686095615,0.998698579754428,0.821961603519507
"logistica",0.925700990225984,0.998557121032083,0.821961603519507
"logistica",0.923108631729369,0.998500537543145,0.821961603519507
"logistica",0.920369708794782,0.998443954054207,0.821961603519507
"logistica",0.917905594181392,0.998415662309738,0.821961603519507
"logistica",0.915455219984061,0.998415662309738,0.821961603519507
"logistica",0.912771258713714,0.998302495331862,0.821961603519507
"logistica",0.910032335779127,0.998217620098455,0.821961603519507
"logistica",0.907682724632902,0.998132744865048,0.821961603519507
"logistica",0.905236930574258,0.99807616137611,0.821961603519507
"logistica",0.902516328194418,0.998019577887173,0.821961603519507
"logistica",0.899745344289025,0.997906410909297,0.821961603519507
"logistica",0.897386572865426,0.997764952186952,0.821961603519507
"logistica",0.894904137697289,0.997736660442483,0.821961603519507
"logistica",0.892252237397748,0.9975386182312,0.821961603519507
"logistica",0.889554535711341,0.997368867764386,0.821961603519507
"logistica",0.887007978601592,0.997340576019917,0.821961603519507
"logistica",0.884621726345874,0.99725570078651,0.821961603519507
"logistica",0.882001887017139,0.997142533808635,0.821961603519507
"logistica",0.879276704498612,0.997085950319697,0.821961603519507
"logistica",0.876753048082296,0.996944491597352,0.821961603519507
"logistica",0.874320994439712,0.996887908108414,0.821961603519507
"logistica",0.871838559271575,0.996774741130538,0.821961603519507
"logistica",0.869255361052333,0.996774741130538,0.821961603519507
"logistica",0.866543918949866,0.996661574152662,0.821961603519507
"logistica",0.864070644059102,0.996576698919255,0.821961603519507
"logistica",0.86168897194207,0.996491823685848,0.821961603519507
"logistica",0.859146994971008,0.996463531941379,0.821961603519507
"logistica",0.856572957029139,0.996406948452442,0.821961603519507
"logistica",0.853953117700404,0.996237197985628,0.821961603519507
"logistica",0.851516483919133,0.996208906241159,0.821961603519507
"logistica",0.849034048750996,0.996095739263283,0.821961603519507
"logistica",0.846519552612053,0.996039155774345,0.821961603519507
"logistica",0.843986735918364,0.995925988796469,0.821961603519507
"logistica",0.841440178808614,0.995869405307531,0.821961603519507
"logistica",0.838934842947044,0.995699654840717,0.821961603519507
"logistica",0.836470728333654,0.995586487862842,0.821961603519507
"logistica",0.834002033581577,0.995416737396028,0.821961603519507
"logistica",0.831528758690813,0.995275278673683,0.821961603519507
"logistica",0.828895178946018,0.995218695184745,0.821961603519507
"logistica",0.826440224610001,0.995105528206869,0.821961603519507
"logistica",0.824035651799537,0.994964069484524,0.821961603519507
"logistica",0.821544056354026,0.994879194251117,0.821961603519507
"logistica",0.81903414035377,0.99482261076218,0.821961603519507
"logistica",0.816638727820678,0.994652860295366,0.821961603519507
"logistica",0.814101330988302,0.994426526339614,0.821961603519507
"logistica",0.811655536929658,0.994369942850676,0.821961603519507
"logistica",0.809159361345462,0.994313359361738,0.821961603519507
"logistica",0.80675020839631,0.994171900639393,0.821961603519507
"logistica",0.804304414337666,0.993973858428111,0.821961603519507
"logistica",0.801927322359321,0.993747524472359,0.821961603519507
"logistica",0.799458627607244,0.993521190516607,0.821961603519507
"logistica",0.797031154103346,0.993408023538731,0.821961603519507
"logistica",0.794594520322075,0.993266564816387,0.821961603519507
"logistica",0.792098344737879,0.993068522605104,0.821961603519507
"logistica",0.789574688321562,0.992842188649352,0.821961603519507
"logistica",0.787197596343217,0.992587562949131,0.821961603519507
"logistica",0.784747222145887,0.99236122899338,0.821961603519507
"logistica",0.782351809612795,0.992021728059752,0.821961603519507
"logistica",0.779965557357077,0.991880269337407,0.821961603519507
"logistica",0.777528923575806,0.991851977592938,0.821961603519507
"logistica",0.775073969239789,0.99154076840378,0.821961603519507
"logistica",0.772692297122757,0.991314434448028,0.821961603519507
"logistica",0.77020986195462,0.991031517003338,0.821961603519507
"logistica",0.767809869282842,0.990776891303118,0.821961603519507
"logistica",0.765473998552676,0.990578849091835,0.821961603519507
"logistica",0.763014464077972,0.990352515136083,0.821961603519507
"logistica",0.760586990574075,0.990154472924801,0.821961603519507
"logistica",0.758223639011789,0.98989984722458,0.821961603519507
"logistica",0.755809905923951,0.98961692977989,0.821961603519507
"logistica",0.753469455055099,0.989334012335201,0.821961603519507
"logistica",0.751087782938067,0.989249137101794,0.821961603519507
"logistica",0.748715271098409,0.988824760934759,0.821961603519507
"logistica",0.746329018842691,0.988598426979008,0.821961603519507
"logistica",0.743759561039508,0.988315509534318,0.821961603519507
"logistica",0.74140078961591,0.988174050811973,0.821961603519507
"logistica",0.739019117498878,0.987891133367283,0.821961603519507
"logistica",0.736637445381846,0.98772138290047,0.821961603519507
"logistica",0.734296994512994,0.987353590222373,0.821961603519507
"logistica",0.731915322395962,0.987070672777683,0.821961603519507
"logistica",0.729538230417617,0.98661800486618,0.821961603519507
"logistica",0.727252741213004,0.986193628699146,0.821961603519507
"logistica",0.724962671869704,0.985910711254456,0.821961603519507
"logistica",0.722645121694285,0.985514626831891,0.821961603519507
"logistica",0.720263449577253,0.985316584620608,0.821961603519507
"logistica",0.71797796037264,0.984948791942511,0.821961603519507
"logistica",0.715642089642474,0.984496124031008,0.821961603519507
"logistica",0.713283318218876,0.984184914841849,0.821961603519507
"logistica",0.710869585131038,0.983873705652691,0.821961603519507
"logistica",0.708579515787738,0.983647371696939,0.821961603519507
"logistica",0.706229904641513,0.983421037741187,0.821961603519507
"logistica",0.703958155852959,0.982968369829684,0.821961603519507
"logistica",0.701590224151987,0.982770327618401,0.821961603519507
"logistica",0.699245193144448,0.982543993662649,0.821961603519507
"logistica",0.696854360750043,0.982289367962429,0.821961603519507
"logistica",0.694500169465131,0.981949867028801,0.821961603519507
"logistica",0.692214680260518,0.981780116561987,0.821961603519507
"logistica",0.689942931471965,0.981525490861767,0.821961603519507
"logistica",0.687652862128665,0.981044531205794,0.821961603519507
"logistica",0.685417754449605,0.980563571549822,0.821961603519507
"logistica",0.683100204274185,0.980195778871725,0.821961603519507
"logistica",0.680713952018467,0.979827986193629,0.821961603519507
"logistica",0.678442203229914,0.979460193515532,0.821961603519507
"logistica",0.67618419485742,0.979007525604029,0.821961603519507
"logistica",0.673926186484927,0.978526565948056,0.821961603519507
"logistica",0.67167275825112,0.978045606292084,0.821961603519507
"logistica",0.66936894849176,0.977762688847394,0.821961603519507
"logistica",0.667042238038968,0.977366604424829,0.821961603519507
"logistica",0.664752168695668,0.976998811746732,0.821961603519507
"logistica",0.662425458242876,0.976546143835229,0.821961603519507
"logistica",0.660162869731695,0.976263226390539,0.821961603519507
"logistica",0.65782699900153,0.975923725456912,0.821961603519507
"logistica",0.655623952293275,0.975244723589657,0.821961603519507
"logistica",0.653333882949976,0.974735472189215,0.821961603519507
"logistica",0.651043813606676,0.974395971255588,0.821961603519507
"logistica",0.648689622321764,0.97405647032196,0.821961603519507
"logistica",0.646376652285031,0.973434051943643,0.821961603519507
"logistica",0.644114063773851,0.972896508798733,0.821961603519507
"logistica",0.641878956094791,0.972358965653822,0.821961603519507
"logistica",0.639584306612804,0.971934589486788,0.821961603519507
"logistica",0.637294237269505,0.971538505064222,0.821961603519507
"logistica",0.635059129590444,0.971000961919312,0.821961603519507
"logistica",0.632709518444218,0.970463418774402,0.821961603519507
"logistica",0.630446929933038,0.969982459118429,0.821961603519507
"logistica",0.628188921560545,0.969558082951395,0.821961603519507
"logistica",0.625926333049365,0.969190290273298,0.821961603519507
"logistica",0.623650004122125,0.968794205850733,0.821961603519507
"logistica",0.621337034085392,0.968511288406043,0.821961603519507
"logistica",0.619046964742092,0.968002037005602,0.821961603519507
"logistica",0.616798116646972,0.967549369094098,0.821961603519507
"logistica",0.614540108274479,0.967124992927064,0.821961603519507
"logistica",0.612272939624612,0.966615741526623,0.821961603519507
"logistica",0.610033251806865,0.966304532337464,0.821961603519507
"logistica",0.607821044821237,0.965710405703616,0.821961603519507
"logistica",0.60556761658743,0.965116279069767,0.821961603519507
"logistica",0.603350829463116,0.964635319413795,0.821961603519507
"logistica",0.601124882061429,0.964012901035478,0.821961603519507
"logistica",0.598862293550249,0.963475357890567,0.821961603519507
"logistica",0.596581384484322,0.962881231256719,0.821961603519507
"logistica",0.594337116527888,0.962230521133933,0.821961603519507
"logistica",0.592102008848828,0.961523227522209,0.821961603519507
"logistica",0.589857740892394,0.960900809143892,0.821961603519507
"logistica",0.587631793490707,0.960052056809823,0.821961603519507
"logistica",0.58536462484084,0.95957109715385,0.821961603519507
"logistica",0.583143257577839,0.959061845753409,0.821961603519507
"logistica",0.580912730037465,0.958439427375092,0.821961603519507
"logistica",0.578695942913151,0.957901884230182,0.821961603519507
"logistica",0.576506636620957,0.957279465851864,0.821961603519507
"logistica",0.574234887832404,0.956741922706954,0.821961603519507
"logistica",0.572041001401522,0.955949753861823,0.821961603519507
"logistica",0.569805893722462,0.955270751994568,0.821961603519507
"logistica",0.567598266875521,0.954789792338596,0.821961603519507
"logistica",0.565353998919087,0.954252249193685,0.821961603519507
"logistica",0.563205913875072,0.953431788604085,0.821961603519507
"logistica",0.560979966473385,0.953063995925989,0.821961603519507
"logistica",0.558744858794324,0.952583036270016,0.821961603519507
"logistica",0.556482270283144,0.951988909636168,0.821961603519507
"logistica",0.554256322881457,0.951451366491258,0.821961603519507
"logistica",0.552076176866636,0.950687489390596,0.821961603519507
"logistica",0.549863969881008,0.950065071012279,0.821961603519507
"logistica",0.547711304698306,0.949386069145023,0.821961603519507
"logistica",0.545554059376918,0.948452441577548,0.821961603519507
"logistica",0.543337272252604,0.947914898432637,0.821961603519507
"logistica",0.541157126237783,0.94729248005432,0.821961603519507
"logistica",0.538958659668215,0.946556894698127,0.821961603519507
"logistica",0.536760193098647,0.945906184575341,0.821961603519507
"logistica",0.534557146390393,0.945283766197024,0.821961603519507
"logistica",0.532427381901124,0.944350138629548,0.821961603519507
"logistica",0.530256396163676,0.9437560119957,0.821961603519507
"logistica",0.528103730980974,0.942878967917162,0.821961603519507
"logistica",0.525955645936959,0.942086799072031,0.821961603519507
"logistica",0.523789240338197,0.941407797204776,0.821961603519507
"logistica",0.521609094323376,0.940643920104114,0.821961603519507
"logistica",0.519483909972794,0.939540542069824,0.821961603519507
"logistica",0.517257962571107,0.938720081480224,0.821961603519507
"logistica",0.515100717249718,0.937871329146155,0.821961603519507
"logistica",0.512952632205703,0.937107452045493,0.821961603519507
"logistica",0.510809127300375,0.936117240989079,0.821961603519507
"logistica",0.508674782672419,0.935155321677135,0.821961603519507
"logistica",0.506540438044464,0.934136818876252,0.821961603519507
"logistica",0.50435113175227,0.933118316075369,0.821961603519507
"logistica",0.502157245321388,0.932212980252362,0.821961603519507
"logistica",0.499977099306567,0.931307644429356,0.821961603519507
"logistica",0.497874815649418,0.930345725117411,0.821961603519507
"logistica",0.495745051160149,0.92955355627228,0.821961603519507
"logistica",0.493574065422701,0.928591636960335,0.821961603519507
"logistica",0.49139391940788,0.927940926837549,0.821961603519507
"logistica",0.489218353531745,0.926922424036666,0.821961603519507
"logistica",0.487047367794297,0.926017088213659,0.821961603519507
"logistica",0.484880962195535,0.925026877157246,0.821961603519507
"logistica",0.482723716874147,0.924291291801052,0.821961603519507
"logistica",0.480653494187804,0.923074746788887,0.821961603519507
"logistica",0.478537470114595,0.922141119221411,0.821961603519507
"logistica",0.476384804931893,0.921320658631811,0.821961603519507
"logistica",0.474245880165251,0.920217280597522,0.821961603519507
"logistica",0.472088634843863,0.91917048605217,0.821961603519507
"logistica",0.469899328551668,0.918321733718101,0.821961603519507
"logistica",0.467778724339773,0.917133480450405,0.821961603519507
"logistica",0.465690181098684,0.916114977649522,0.821961603519507
"logistica",0.463615378273654,0.914955016126294,0.821961603519507
"logistica",0.46142607198146,0.914219430770101,0.821961603519507
"logistica",0.459273406798758,0.913257511458156,0.821961603519507
"logistica",0.457125321754743,0.912182425168336,0.821961603519507
"logistica",0.455059679207086,0.91096588015617,0.821961603519507
"logistica",0.452929914717818,0.909749335144005,0.821961603519507
"logistica",0.450818470783295,0.908589373620777,0.821961603519507
"logistica",0.448757408374326,0.907316245119674,0.821961603519507
"logistica",0.446641384301117,0.906410909296667,0.821961603519507
"logistica",0.444621543140326,0.904911446839812,0.821961603519507
"logistica",0.442565060870043,0.903468567871895,0.821961603519507
"logistica",0.440439876519461,0.902308606348667,0.821961603519507
"logistica",0.438346753139685,0.901035477847564,0.821961603519507
"logistica",0.436281110592029,0.899847224579868,0.821961603519507
"logistica",0.434160506380133,0.898885305267923,0.821961603519507
"logistica",0.43210402410985,0.897470718044475,0.821961603519507
"logistica",0.430079602810373,0.895999547332089,0.821961603519507
"logistica",0.42800938012403,0.894783002319923,0.821961603519507
"logistica",0.425865875218702,0.893877666496916,0.821961603519507
"logistica",0.423804812809732,0.892604537995813,0.821961603519507
"logistica",0.42169336887521,0.891387992983647,0.821961603519507
"logistica",0.419609405772807,0.890256323204889,0.821961603519507
"logistica",0.417552923502524,0.889011486448254,0.821961603519507
"logistica",0.41552392206436,0.887625190969275,0.821961603519507
"logistica",0.413449119239331,0.886323770723703,0.821961603519507
"logistica",0.411388056830361,0.88502235047813,0.821961603519507
"logistica",0.409336154698764,0.8834097210434,0.821961603519507
"logistica",0.407256771735048,0.881910258586544,0.821961603519507
"logistica",0.405209449742138,0.880467379618627,0.821961603519507
"logistica",0.403148387333168,0.879165959373055,0.821961603519507
"logistica",0.401105645478945,0.877864539127483,0.821961603519507
"logistica",0.399108705011588,0.876195326203814,0.821961603519507
"logistica",0.397015581631812,0.875091948169524,0.821961603519507
"logistica",0.394940778806782,0.873733944435014,0.821961603519507
"logistica",0.392898036952559,0.872347648956035,0.821961603519507
"logistica",0.39080949371147,0.871131103943869,0.821961603519507
"logistica",0.388739271025127,0.869659933231483,0.821961603519507
"logistica",0.386724010003023,0.868047303796752,0.821961603519507
"logistica",0.384727069535665,0.866434674362021,0.821961603519507
"logistica",0.382707228374875,0.864935211905166,0.821961603519507
"logistica",0.380632425549846,0.863662083404063,0.821961603519507
"logistica",0.378621744666429,0.86210603745827,0.821961603519507
"logistica",0.376542361702712,0.860748033723759,0.821961603519507
"logistica",0.374495039709802,0.859276863011373,0.821961603519507
"logistica",0.372424817023459,0.857890567532394,0.821961603519507
"logistica",0.370437036833475,0.856193062864256,0.821961603519507
"logistica",0.368403455256625,0.854835059129746,0.821961603519507
"logistica",0.36647063673088,0.852882928761387,0.821961603519507
"logistica",0.364446215431403,0.851355174560063,0.821961603519507
"logistica",0.362371412606374,0.850110337803429,0.821961603519507
"logistica",0.36038363241639,0.848356249646353,0.821961603519507
"logistica",0.358391272087719,0.846630453233746,0.821961603519507
"logistica",0.356366850788242,0.845187574265829,0.821961603519507
"logistica",0.354328689072705,0.843772987042381,0.821961603519507
"logistica",0.352345489021408,0.841934023651898,0.821961603519507
"logistica",0.350293586889811,0.840547728172919,0.821961603519507
"logistica",0.348269165590334,0.838991682227126,0.821961603519507
"logistica",0.346240164152171,0.837407344536864,0.821961603519507
"logistica",0.344298185349052,0.835370338935099,0.821961603519507
"logistica",0.342351626407248,0.83341820856674,0.821961603519507
"logistica",0.340414227742816,0.831211452498161,0.821961603519507
"logistica",0.338476829078385,0.829231030385334,0.821961603519507
"logistica",0.336498209165774,0.827363775250382,0.821961603519507
"logistica",0.334460047450237,0.825807729304589,0.821961603519507
"logistica",0.332467687121566,0.824053641147513,0.821961603519507
"logistica",0.330457006238149,0.822441011712782,0.821961603519507
"logistica",0.328519607573717,0.820488881344424,0.821961603519507
"logistica",0.326582208909286,0.818593334465003,0.821961603519507
"logistica",0.324571528025869,0.816924121541334,0.821961603519507
"logistica",0.322615808806691,0.815028574661914,0.821961603519507
"logistica",0.320628028616706,0.813246194760369,0.821961603519507
"logistica",0.318686049813588,0.811322356136479,0.821961603519507
"logistica",0.316739490871784,0.809370225768121,0.821961603519507
"logistica",0.314715069572307,0.807870763311266,0.821961603519507
"logistica",0.312777670907875,0.805918632942907,0.821961603519507
"logistica",0.310808211272637,0.804136253041362,0.821961603519507
"logistica",0.308843331776086,0.802155830928535,0.821961603519507
"logistica",0.306846391308729,0.800458326260397,0.821961603519507
"logistica",0.304899832366924,0.798308153680756,0.821961603519507
"logistica",0.302925792593,0.796440898545804,0.821961603519507
"logistica",0.300965493235135,0.794403892944039,0.821961603519507
"logistica",0.299055575402823,0.792338595597805,0.821961603519507
"logistica",0.297063215074152,0.790527923951791,0.821961603519507
"logistica",0.295125816409721,0.788547501838963,0.821961603519507
"logistica",0.293142616358423,0.786623663215074,0.821961603519507
"logistica",0.291136515613693,0.784869575057998,0.821961603519507
"logistica",0.289226597781381,0.782606235500481,0.821961603519507
"logistica",0.287321260087755,0.780427771176371,0.821961603519507
"logistica",0.285452563503623,0.778051264640978,0.821961603519507
"logistica",0.283501424423132,0.776184009506026,0.821961603519507
"logistica",0.281664788809805,0.773524585525943,0.821961603519507
"logistica",0.279791512086986,0.771034912012675,0.821961603519507
"logistica",0.277909075086794,0.768488655010468,0.821961603519507
"logistica",0.276012897670541,0.766140440219544,0.821961603519507
"logistica",0.27408923942217,0.764046851128841,0.821961603519507
"logistica",0.272083138677439,0.762462513438579,0.821961603519507
"logistica",0.270177800983814,0.76022746562553,0.821961603519507
"logistica",0.268295363983621,0.757879250834606,0.821961603519507
"logistica",0.266394606428683,0.755700786510496,0.821961603519507
"logistica",0.26452590984455,0.753154529508289,0.821961603519507
"logistica",0.262611411873552,0.750664855995021,0.821961603519507
"logistica",0.260706074179926,0.748288349459628,0.821961603519507
"logistica",0.258809896763674,0.745940134668704,0.821961603519507
"logistica",0.256932039902168,0.743705086855656,0.821961603519507
"logistica",0.255058763179349,0.7413851638092,0.821961603519507
"logistica",0.253125944653604,0.73920669948509,0.821961603519507
"logistica",0.251225187098665,0.736886776438635,0.821961603519507
"logistica",0.249264887740801,0.73484977083687,0.821961603519507
"logistica",0.247345809631116,0.732614723023822,0.821961603519507
"logistica",0.245399250689311,0.730492842188649,0.821961603519507
"logistica",0.243562615075985,0.727918293441974,0.821961603519507
"logistica",0.241666437659732,0.725711537373394,0.821961603519507
"logistica",0.239802321214286,0.723250155604595,0.821961603519507
"logistica",0.237910723936721,0.720732190346857,0.821961603519507
"logistica",0.236051187629961,0.718129349855712,0.821961603519507
"logistica",0.234145849936336,0.715866010298195,0.821961603519507
"logistica",0.232240512242711,0.71354608725174,0.821961603519507
"logistica",0.230422197184131,0.710858371527188,0.821961603519507
"logistica",0.228562660877371,0.708396989758388,0.821961603519507
"logistica",0.226716864986672,0.705879024500651,0.821961603519507
"logistica",0.224903130066778,0.703049850053754,0.821961603519507
"logistica",0.223144356811124,0.699824591184292,0.821961603519507
"logistica",0.221280240365678,0.697136875459741,0.821961603519507
"logistica",0.219452765029725,0.694364284501782,0.821961603519507
"logistica",0.217652770525891,0.691676568777231,0.821961603519507
"logistica",0.215861936299431,0.688734227352459,0.821961603519507
"logistica",0.213984079437925,0.686470887794941,0.821961603519507
"logistica",0.212202405488838,0.683641713348045,0.821961603519507
"logistica",0.210416151401064,0.680755955412211,0.821961603519507
"logistica",0.208620737035917,0.677672155265094,0.821961603519507
"logistica",0.206834482948144,0.674729813840321,0.821961603519507
"logistica",0.205016167889564,0.672126973349177,0.821961603519507
"logistica",0.20321617338573,0.66929779890228,0.821961603519507
"logistica",0.201407018604523,0.66658179143326,0.821961603519507
"logistica",0.199634504932809,0.663639450008488,0.821961603519507
"logistica",0.197825350151603,0.660810275561591,0.821961603519507
"logistica",0.196061996757262,0.657698183670005,0.821961603519507
"logistica",0.194307803640294,0.654642675267357,0.821961603519507
"logistica",0.19253528996858,0.651672042098116,0.821961603519507
"logistica",0.190735295464747,0.648871159395688,0.821961603519507
"logistica",0.188981102347779,0.645787359248571,0.821961603519507
"logistica",0.187226909230812,0.642703559101454,0.821961603519507
"logistica",0.185417754449605,0.639930968143496,0.821961603519507
"logistica",0.183645240777891,0.636932043229786,0.821961603519507
"logistica",0.181918528493043,0.633650200871386,0.821961603519507
"logistica",0.180132274405269,0.630736151191082,0.821961603519507
"logistica",0.178400981981734,0.627652351043965,0.821961603519507
"logistica",0.176605567616587,0.624766593108131,0.821961603519507
"logistica",0.174805573112754,0.621937418661235,0.821961603519507
"logistica",0.173097181382652,0.618598992813897,0.821961603519507
"logistica",0.171452911594163,0.614779607310587,0.821961603519507
"logistica",0.169666657506389,0.611893849374752,0.821961603519507
"logistica",0.167990326747094,0.60841396480507,0.821961603519507
"logistica",0.166323156265172,0.60484920500198,0.821961603519507
"logistica",0.164596443980324,0.60159565438805,0.821961603519507
"logistica",0.162933853637088,0.597917727607084,0.821961603519507
"logistica",0.161275843432539,0.594352967803995,0.821961603519507
"logistica",0.159567451702438,0.591042833701126,0.821961603519507
"logistica",0.157918601775262,0.587364906920161,0.821961603519507
"logistica",0.156159828519608,0.584337690261982,0.821961603519507
"logistica",0.154506398453745,0.580631471736547,0.821961603519507
"logistica",0.152825487555763,0.577095003677927,0.821961603519507
"logistica",0.151112515686975,0.573756577830589,0.821961603519507
"logistica",0.1493949636795,0.570418151983251,0.821961603519507
"logistica",0.147736953474951,0.566768516946755,0.821961603519507
"logistica",0.146078943270402,0.563118881910259,0.821961603519507
"logistica",0.144393452233734,0.559667289085045,0.821961603519507
"logistica",0.142671320087572,0.556328863237707,0.821961603519507
"logistica",0.140949187941411,0.552962145645901,0.821961603519507
"logistica",0.139314078430295,0.549199343631528,0.821961603519507
"logistica",0.137660648364432,0.545578000339501,0.821961603519507
"logistica",0.136002638159883,0.541900073558536,0.821961603519507
"logistica",0.13441791017432,0.537826062355005,0.821961603519507
"logistica",0.13281486163401,0.533893509873819,0.821961603519507
"logistica",0.131156851429461,0.53030045832626,0.821961603519507
"logistica",0.129512581640972,0.526622531545295,0.821961603519507
"logistica",0.127978235180961,0.522265602897075,0.821961603519507
"logistica",0.126388927056711,0.518163299949075,0.821961603519507
"logistica",0.124772138100342,0.514343914445765,0.821961603519507
"logistica",0.123205730669525,0.510185028008827,0.821961603519507
"logistica",0.121666804070827,0.505828099360607,0.821961603519507
"logistica",0.120095816501324,0.501725796412607,0.821961603519507
"logistica",0.118451546712834,0.498047869631641,0.821961603519507
"logistica",0.116875979004644,0.49400215017258,0.821961603519507
"logistica",0.115240869493528,0.490239348158207,0.821961603519507
"logistica",0.113596599705039,0.486476546143835,0.821961603519507
"logistica",0.11196607033261,0.482713744129463,0.821961603519507
"logistica",0.110413403317852,0.478441690714649,0.821961603519507
"logistica",0.108837835609662,0.47433938776665,0.821961603519507
"logistica",0.107230206930666,0.470321960052057,0.821961603519507
"logistica",0.105718761164088,0.46585186442596,0.821961603519507
"logistica",0.104138613317211,0.46149493577774,0.821961603519507
"logistica",0.102613427134574,0.457109715385051,0.821961603519507
"logistica",0.101047019703757,0.452865953714706,0.821961603519507
"logistica",0.099567634907985,0.448141232388389,0.821961603519507
"logistica",0.0980287083092876,0.443812595484638,0.821961603519507
"logistica",0.0965126824040232,0.439257624625134,0.821961603519507
"logistica",0.0950012366374454,0.4347309455101,0.821961603519507
"logistica",0.0935218518416737,0.429921348950376,0.821961603519507
"logistica",0.0920333067685289,0.425338086346404,0.821961603519507
"logistica",0.0904714794763986,0.42109432467606,0.821961603519507
"logistica",0.0889646138485073,0.416595937305494,0.821961603519507
"logistica",0.0874119468337501,0.412323883890681,0.821961603519507
"logistica",0.0859737832861579,0.407344536864143,0.821961603519507
"logistica",0.0844943984903863,0.402704690771233,0.821961603519507
"logistica",0.0830516548041075,0.397697052000226,0.821961603519507
"logistica",0.0815310487601565,0.393283539863068,0.821961603519507
"logistica",0.0799738016067126,0.389039778192723,0.821961603519507
"logistica",0.0784394551467018,0.384654557800034,0.821961603519507
"logistica",0.0769738107669901,0.379873252984779,0.821961603519507
"logistica",0.0754394643069792,0.375544616081028,0.821961603519507
"logistica",0.0739188582630282,0.3711028121994,0.821961603519507
"logistica",0.0724532138833164,0.366378090873083,0.821961603519507
"logistica",0.0709784092262313,0.361653369546766,0.821961603519507
"logistica",0.0695173449852061,0.35690035647598,0.821961603519507
"logistica",0.0680929218536738,0.351921009449443,0.821961603519507
"logistica",0.0666364377513351,0.347054829400781,0.821961603519507
"logistica",0.0651845337876831,0.342245232841057,0.821961603519507
"logistica",0.0637601106561506,0.337181010581112,0.821961603519507
"logistica",0.0623769087727977,0.331947037854354,0.821961603519507
"logistica",0.0609479055025787,0.326939399083347,0.821961603519507
"logistica",0.0595509632031658,0.321733718101058,0.821961603519507
"logistica",0.0581036393782004,0.316867538052396,0.821961603519507
"logistica",0.056702116940101,0.311746732303514,0.821961603519507
"logistica",0.0552868540859417,0.306682510043569,0.821961603519507
"logistica",0.0539769344215743,0.300967577660839,0.821961603519507
"logistica",0.0526257935090274,0.295507270978329,0.821961603519507
"logistica",0.051338774538093,0.289679171617722,0.821961603519507
"logistica",0.0500151144576658,0.284077406212867,0.821961603519507
"logistica",0.0486090118808797,0.278956600463985,0.821961603519507
"logistica",0.0472395504135865,0.273552877270412,0.821961603519507
"logistica",0.0458517683915469,0.268347196288123,0.821961603519507
"logistica",0.0446426117782847,0.262038137271544,0.821961603519507
"logistica",0.0433876537781565,0.256011995699655,0.821961603519507
"logistica",0.0421052149459086,0.25012731285011,0.821961603519507
"logistica",0.0407769747267948,0.244553839189724,0.821961603519507
"logistica",0.0394029331208149,0.239234991229559,0.821961603519507
"logistica",0.0380014106827155,0.234114185480677,0.821961603519507
"logistica",0.0367327122665274,0.228144627397725,0.821961603519507
"logistica",0.0355006549598322,0.221977027103491,0.821961603519507
"logistica",0.0340991325217328,0.21682792961014,0.821961603519507
"logistica",0.0328441745216045,0.21080178803825,0.821961603519507
"logistica",0.0315434151346102,0.205058563911051,0.821961603519507
"logistica",0.0303067776892284,0.198890963616817,0.821961603519507
"logistica",0.0291251019080858,0.192412154133424,0.821961603519507
"logistica",0.0278564034918978,0.186414304306004,0.821961603519507
"logistica",0.0265739646596499,0.180557913200928,0.821961603519507
"logistica",0.0253693881850743,0.174192270695411,0.821961603519507
"logistica",0.0241464911557522,0.167968086912239,0.821961603519507
"logistica",0.0230060366227889,0.161234651728626,0.821961603519507
"logistica",0.0217602389000339,0.155123634923329,0.821961603519507
"logistica",0.0205281815933387,0.148927742884626,0.821961603519507
"logistica",0.0194289483085548,0.141939682000792,0.821961603519507
"logistica",0.0183434554398307,0.134838454139082,0.821961603519507
"logistica",0.0172030009068674,0.128105018955469,0.821961603519507
"logistica",0.016053386096531,0.121399875516324,0.821961603519507
"logistica",0.0149541528117472,0.114383522888021,0.821961603519507
"logistica",0.0137770571692911,0.10787642166016,0.821961603519507
"logistica",0.0125908012494619,0.101425903921236,0.821961603519507
"logistica",0.0114549268551851,0.0946641769931534,0.821961603519507
"logistica",0.0103511134317147,0.0876761161093193,0.821961603519507
"logistica",0.00934806305934943,0.080093928591637,0.821961603519507
"logistica",0.00839081407385012,0.072228823629265,0.821961603519507
"logistica",0.00734654245330546,0.0649012618118033,0.821961603519507
"logistica",0.00634349208094021,0.057319074294121,0.821961603519507
"logistica",0.00540456365018738,0.0493125106094042,0.821961603519507
"logistica",0.0044610550807479,0.0413625304136253,0.821961603519507
"logistica",0.00355876775948771,0.0331579245176258,0.821961603519507
"logistica",0.00262441946742142,0.025151360832909,0.821961603519507
"logistica",0.00171297186878816,0.0169750466813784,0.821961603519507
"logistica",0.000952668846812665,0.00789339670684094,0.821961603519507
"logistica",0,0,0.821961603519507
"arvore",1,1,0.731114398794423
"arvore",0.875401907169749,0.95003677926781,0.731114398794423
"arvore",0.751028241135142,0.900299892491371,0.731114398794423
"arvore",0.626979764947283,0.850874214904091,0.731114398794423
"arvore",0.501914497970999,0.801420245572342,0.731114398794423
"arvore",0.376601903505638,0.752673569852317,0.731114398794423
"arvore",0.343918033838065,0.724042324449726,0.731114398794423
"arvore",0.310455540593769,0.695184745091382,0.731114398794423
"arvore",0.251509155697235,0.608527131782946,0.731114398794423
"arvore",0.191907810968516,0.52319923046455,0.731114398794423
"arvore",0.132242344298185,0.438069371357438,0.731114398794423
"arvore",0.10694165819341,0.385673060600917,0.731114398794423
"arvore",0.0787829655481967,0.325836021049058,0.731114398794423
"arvore",0.0722929090292854,0.30939851751259,0.731114398794423
"arvore",0.0655692654373574,0.295054603066825,0.731114398794423
"arvore",0.0581586010424395,0.276212301250495,0.731114398794423
"arvore",0.0521357186695613,0.259463588524868,0.731114398794423
"arvore",0.0430166625445418,0.23320884965767,0.731114398794423
"arvore",0.0395907188069655,0.221326316980705,0.731114398794423
"arvore",0.0360685921569706,0.209387200814802,0.731114398794423
"arvore",0.0333800507479366,0.200362134329203,0.731114398794423
"arvore",0.0277464801634193,0.179822327844735,0.731114398794423
"arvore",0.0230197770388487,0.161602444406722,0.731114398794423
"arvore",0.0217281779292277,0.15402025688904,0.731114398794423
"arvore",0.0187831487537443,0.140327052566061,0.731114398794423
"arvore",0.0150823966949719,0.120494539693317,0.731114398794423
"arvore",0.0134839282933488,0.111356306229842,0.731114398794423
"arvore",0.012966372621763,0.106999377581622,0.731114398794423
"arvore",0.00962287138054541,0.0798675946358852,0.731114398794423
"arvore",0.00909157529289983,0.0767555027442992,0.731114398794423
"arvore",0.00621066805902881,0.054178690658066,0.731114398794423
"arvore",0.00413586523399934,0.0353646805862049,0.731114398794423
"arvore",0.00181373491989334,0.0161262943473095,0.731114398794423
"arvore",0,0,0.731114398794423
"rf",1,1,0.822205095502018
"rf",0.997673289547207,0.999971708255531,0.822205095502018
"rf",0.994654978152739,0.999971708255531,0.822205095502018
"rf",0.99113743164143,0.999943416511062,0.822205095502018
"rf",0.98797255580899,0.999915124766593,0.822205095502018
"rf",0.984908443027655,0.999915124766593,0.822205095502018
"rf",0.981922192603992,0.999886833022124,0.822205095502018
"rf",0.979004644260628,0.999886833022124,0.822205095502018
"rf",0.975968012311413,0.999858541277655,0.822205095502018
"rf",0.973164967435214,0.999858541277655,0.822205095502018
"rf",0.970384823252448,0.999801957788717,0.822205095502018
"rf",0.967586358514936,0.999801957788717,0.822205095502018
"rf",0.964957358908828,0.999773666044248,0.822205095502018
"rf",0.962387901105646,0.999632207321903,0.822205095502018
"rf",0.959813863163777,0.999575623832965,0.822205095502018
"rf",0.957180283418982,0.999434165110621,0.822205095502018
"rf",0.954473421455202,0.999405873366152,0.822205095502018
"rf",0.951954345177572,0.999405873366152,0.822205095502018
"rf",0.949329925710151,0.999349289877214,0.822205095502018
"rf",0.946668865133236,0.999207831154869,0.822205095502018
"rf",0.944085666913994,0.999151247665931,0.822205095502018
"rf",0.941383385088901,0.999094664176993,0.822205095502018
"rf",0.938841408117838,0.999038080688055,0.822205095502018
"rf",0.936340652394955,0.999009788943586,0.822205095502018
"rf",0.933675011679354,0.998953205454648,0.822205095502018
"rf",0.931078073044052,0.998868330221241,0.822205095502018
"rf",0.928558996766422,0.998783454987834,0.822205095502018
"rf",0.925994119101926,0.998698579754428,0.822205095502018
"rf",0.92324145575128,0.998670288009959,0.822205095502018
"rf",0.920772760999203,0.998557121032083,0.822205095502018
"rf",0.918326966940559,0.998500537543145,0.822205095502018
"rf",0.915885753020601,0.998443954054207,0.822205095502018
"rf",0.913320875356106,0.998330787076331,0.822205095502018
"rf",0.910760577830297,0.998245911842924,0.822205095502018
"rf",0.908314783771653,0.998189328353986,0.822205095502018
"rf",0.905928531515934,0.998132744865048,0.822205095502018
"rf",0.903446096347797,0.997991286142704,0.822205095502018
"rf",0.900917859792794,0.997878119164828,0.822205095502018
"rf",0.898311760880119,0.997708368698014,0.822205095502018
"rf",0.895856806544102,0.997651785209076,0.822205095502018
"rf",0.893374371375965,0.997595201720138,0.822205095502018
"rf",0.890850714959649,0.997397159508855,0.822205095502018
"rf",0.888354539375452,0.997227409042042,0.822205095502018
"rf",0.885862943929942,0.997029366830759,0.822205095502018
"rf",0.883453790980791,0.996859616363945,0.822205095502018
"rf",0.880953035257908,0.996831324619476,0.822205095502018
"rf",0.878479760367144,0.996689865897131,0.822205095502018
"rf",0.87604770672456,0.996576698919255,0.822205095502018
"rf",0.873491989337437,0.996435240196911,0.822205095502018
"rf",0.871000393891927,0.996350364963504,0.822205095502018
"rf",0.868495058030357,0.996293781474566,0.822205095502018
"rf",0.865980561891414,0.99618061449669,0.822205095502018
"rf",0.863516447278024,0.996067447518814,0.822205095502018
"rf",0.861116454606246,0.995925988796469,0.822205095502018
"rf",0.858670660547601,0.995756238329655,0.822205095502018
"rf",0.856165324686031,0.995671363096248,0.822205095502018
"rf",0.853614187437596,0.995529904373904,0.822205095502018
"rf",0.851118011853399,0.995445029140497,0.822205095502018
"rf",0.848704278765561,0.995303570418152,0.822205095502018
"rf",0.846244744290857,0.995218695184745,0.822205095502018
"rf",0.843725668013227,0.995020652973462,0.822205095502018
"rf",0.84127071367721,0.994794319017711,0.822205095502018
"rf",0.83880659906382,0.994737735528773,0.822205095502018
"rf",0.836360805005176,0.994652860295366,0.822205095502018
"rf",0.833910430807845,0.994426526339614,0.822205095502018
"rf",0.831450896333141,0.994341651106207,0.822205095502018
"rf",0.829060063938736,0.994171900639393,0.822205095502018
"rf",0.826650910989585,0.994058733661518,0.822205095502018
"rf",0.82423259776306,0.993860691450235,0.822205095502018
"rf",0.821791383843103,0.993606065750014,0.822205095502018
"rf",0.81945093297425,0.993294856560856,0.822205095502018
"rf",0.817069260857219,0.993153397838511,0.822205095502018
"rf",0.814687588740187,0.992955355627228,0.822205095502018
"rf",0.812319657039215,0.992729021671476,0.822205095502018
"rf",0.809910504090064,0.992672438182538,0.822205095502018
"rf",0.807519671695659,0.992304645504442,0.822205095502018
"rf",0.805142579717314,0.992050019804221,0.822205095502018
"rf",0.802797548709775,0.991880269337407,0.822205095502018
"rf",0.800466258118296,0.991710518870594,0.822205095502018
"rf",0.798011303782278,0.991512476659311,0.822205095502018
"rf",0.795657112497366,0.991059808747807,0.822205095502018
"rf",0.793312081489828,0.990833474792056,0.822205095502018
"rf",0.790957890204915,0.990493973858428,0.822205095502018
"rf",0.788612859197376,0.990295931647145,0.822205095502018
"rf",0.786281568605897,0.990126181180332,0.822205095502018
"rf",0.783973178707851,0.989871555480111,0.822205095502018
"rf",0.781683109364552,0.989588638035421,0.822205095502018
"rf",0.779292276970147,0.989334012335201,0.822205095502018
"rf",0.776933505546548,0.989277428846263,0.822205095502018
"rf",0.774597634816382,0.98907938663498,0.822205095502018
"rf",0.772183901728544,0.98879646919029,0.822205095502018
"rf",0.769664825450915,0.988456968256663,0.822205095502018
"rf",0.767338114998122,0.98825892604538,0.822205095502018
"rf",0.765066366209569,0.987947716856221,0.822205095502018
"rf",0.762657213260417,0.987664799411532,0.822205095502018
"rf",0.760330502807625,0.987381881966842,0.822205095502018
"rf",0.757948830690593,0.98715554801109,0.822205095502018
"rf",0.755557998296188,0.986985797544277,0.822205095502018
"rf",0.753217547427336,0.986674588355118,0.822205095502018
"rf",0.750932058222723,0.986193628699146,0.822205095502018
"rf",0.74863282860205,0.985882419509987,0.822205095502018
"rf",0.746315278426631,0.985571210320828,0.822205095502018
"rf",0.743979407696465,0.98526000113167,0.822205095502018
"rf",0.741611475995493,0.984948791942511,0.822205095502018
"rf",0.73929850595876,0.984609291008884,0.822205095502018
"rf",0.736907673564356,0.984411248797601,0.822205095502018
"rf",0.734567222695503,0.984015164375035,0.822205095502018
"rf",0.732290893768263,0.983760538674815,0.822205095502018
"rf",0.729950442899411,0.983477621230125,0.822205095502018
"rf",0.727591671475812,0.983222995529904,0.822205095502018
"rf",0.725269541161706,0.982968369829684,0.822205095502018
"rf",0.722901609460734,0.982742035873932,0.822205095502018
"rf",0.720629860672181,0.982430826684773,0.822205095502018
"rf",0.718358111883628,0.98197815877327,0.822205095502018
"rf",0.716017661014775,0.981723533073049,0.822205095502018
"rf",0.713709271116729,0.981553782606235,0.822205095502018
"rf",0.711428362050803,0.981129406439201,0.822205095502018
"rf",0.709042109795085,0.980959655972387,0.822205095502018
"rf",0.706687918510172,0.980789905505573,0.822205095502018
"rf",0.7043886888895,0.980591863294291,0.822205095502018
"rf",0.702126100378319,0.980195778871725,0.822205095502018
"rf",0.699826870757646,0.979884569682567,0.822205095502018
"rf",0.697495580166167,0.979460193515532,0.822205095502018
"rf",0.695232991654987,0.979177276070842,0.822205095502018
"rf",0.692906281202195,0.978781191648277,0.822205095502018
"rf",0.690597891304149,0.978498274203587,0.822205095502018
"rf",0.688367363763775,0.978187065014429,0.822205095502018
"rf",0.686081874559162,0.977989022803146,0.822205095502018
"rf",0.683814705909295,0.977592938380581,0.822205095502018
"rf",0.681542957120742,0.977281729191422,0.822205095502018
"rf",0.679239147361382,0.976942228257794,0.822205095502018
"rf",0.67687121566041,0.976602727324167,0.822205095502018
"rf",0.674571986039737,0.976065184179256,0.822205095502018
"rf",0.672240695448258,0.975669099756691,0.822205095502018
"rf",0.669978106937078,0.975216431845188,0.822205095502018
"rf",0.667678877316405,0.97487693091156,0.822205095502018
"rf",0.665411708666538,0.97433938776665,0.822205095502018
"rf",0.663126219461925,0.973915011599615,0.822205095502018
"rf",0.660909432337611,0.973490635432581,0.822205095502018
"rf",0.658633103410371,0.97295309228767,0.822205095502018
"rf",0.656365934760505,0.972500424376167,0.822205095502018
"rf",0.654011743475592,0.972132631698071,0.822205095502018
"rf",0.65171251385492,0.97187800599785,0.822205095502018
"rf",0.649449925343739,0.971397046341877,0.822205095502018
"rf",0.647228558080739,0.970746336219091,0.822205095502018
"rf",0.644984290124305,0.970321960052057,0.822205095502018
"rf",0.642735442029185,0.969925875629491,0.822205095502018
"rf",0.640468273379318,0.96941662422905,0.822205095502018
"rf",0.638118662233092,0.96913370678436,0.822205095502018
"rf",0.635851493583226,0.968681038872857,0.822205095502018
"rf",0.633579744794672,0.968256662705822,0.822205095502018
"rf",0.631349217254298,0.967662536071974,0.822205095502018
"rf",0.629091208881805,0.967096701182595,0.822205095502018
"rf",0.626837780647998,0.966644033271091,0.822205095502018
"rf",0.62462557366237,0.966021614892774,0.822205095502018
"rf",0.622372145428564,0.965540655236802,0.822205095502018
"rf",0.62010039664001,0.964974820347423,0.822205095502018
"rf",0.617892769793069,0.964437277202512,0.822205095502018
"rf",0.615625601143203,0.964069484524416,0.822205095502018
"rf",0.61334011193859,0.963560233123974,0.822205095502018
"rf",0.611095843982156,0.962994398234595,0.822205095502018
"rf",0.608888217135215,0.962541730323092,0.822205095502018
"rf",0.606680590288274,0.961806144966899,0.822205095502018
"rf",0.604395101083661,0.961579811011147,0.822205095502018
"rf",0.602150833127227,0.960929100888361,0.822205095502018
"rf",0.59989740489342,0.960419849487919,0.822205095502018
"rf",0.597598175272747,0.960023765065354,0.822205095502018
"rf",0.595376808009747,0.959429638431506,0.822205095502018
"rf",0.593164601024119,0.958694053075313,0.822205095502018
"rf",0.590924913206372,0.957986759463589,0.822205095502018
"rf",0.588735606914177,0.957279465851864,0.822205095502018
"rf",0.58653714034461,0.956657047473547,0.822205095502018
"rf",0.584352414191102,0.955949753861823,0.822205095502018
"rf",0.582098985957295,0.955327335483506,0.822205095502018
"rf",0.579882198832981,0.954761500594127,0.822205095502018
"rf",0.577679152124726,0.954139082215809,0.822205095502018
"rf",0.575448624584352,0.953544955581961,0.822205095502018
"rf",0.573186036073172,0.953177162903865,0.822205095502018
"rf",0.571001309919664,0.952328410569796,0.822205095502018
"rf",0.568848644736963,0.951366491257851,0.822205095502018
"rf",0.566700559692948,0.950517738923782,0.822205095502018
"rf",0.564543314371559,0.949838737056527,0.822205095502018
"rf",0.562308206692499,0.949244610422679,0.822205095502018
"rf",0.560082259290811,0.948791942511175,0.822205095502018
"rf",0.557879212582557,0.947943190177106,0.822205095502018
"rf",0.555680746012989,0.947264188309851,0.822205095502018
"rf",0.553445638333929,0.946641769931534,0.822205095502018
"rf",0.551247171764361,0.945962768064279,0.822205095502018
"rf",0.54902580450136,0.945283766197024,0.822205095502018
"rf",0.546850238625226,0.944604764329769,0.822205095502018
"rf",0.544692993303837,0.9437560119957,0.822205095502018
"rf",0.542457885624777,0.943105301872914,0.822205095502018
"rf",0.540259419055209,0.942426300005658,0.822205095502018
"rf",0.538051792208268,0.941945340349686,0.822205095502018
"rf",0.535903707164253,0.941068296271148,0.822205095502018
"rf",0.533709820733372,0.940332710914955,0.822205095502018
"rf",0.531502193886431,0.9396537090477,0.822205095502018
"rf",0.529363269119789,0.938748373224693,0.822205095502018
"rf",0.527210603937087,0.937871329146155,0.822205095502018
"rf",0.525057938754385,0.937135743789962,0.822205095502018
"rf",0.522946494819863,0.935975782266735,0.822205095502018
"rf",0.520839631024027,0.934900695976914,0.822205095502018
"rf",0.518673225425266,0.934165110620721,0.822205095502018
"rf",0.516479338994385,0.933514400497935,0.822205095502018
"rf",0.51433125395037,0.932778815141742,0.822205095502018
"rf",0.512178588767668,0.932043229785549,0.822205095502018
"rf",0.509975542059414,0.931279352684887,0.822205095502018
"rf",0.507854937847518,0.93037401686188,0.822205095502018
"rf",0.505665631555324,0.929581848016749,0.822205095502018
"rf",0.503503806095249,0.928648220449273,0.822205095502018
"rf",0.501438163547592,0.927205341481356,0.822205095502018
"rf",0.499244277116711,0.926328297402818,0.822205095502018
"rf",0.497119092766129,0.925253211112997,0.822205095502018
"rf",0.495007648831607,0.92434787528999,0.822205095502018
"rf",0.492822922678099,0.923555706444859,0.822205095502018
"rf",0.49066567735671,0.922593787132915,0.822205095502018
"rf",0.488494691619262,0.921858201776722,0.822205095502018
"rf",0.486351186713934,0.921066032931591,0.822205095502018
"rf",0.484216842085978,0.920217280597522,0.822205095502018
"rf",0.482077917319336,0.919340236518984,0.822205095502018
"rf",0.479948152830068,0.918265150229163,0.822205095502018
"rf",0.477905410975844,0.916793979516777,0.822205095502018
"rf",0.475780226625262,0.915803768460363,0.822205095502018
"rf",0.47365504227468,0.914728682170543,0.822205095502018
"rf",0.471479476398545,0.913851638092005,0.822205095502018
"rf",0.469363452325336,0.91288971878006,0.822205095502018
"rf",0.467201626865261,0.912040966445991,0.822205095502018
"rf",0.465108503485485,0.910682962711481,0.822205095502018
"rf",0.46297415885753,0.909947377355288,0.822205095502018
"rf",0.460871875200381,0.908843999320998,0.822205095502018
"rf",0.458783331959292,0.907740621286709,0.822205095502018
"rf",0.456635246915277,0.906637243252419,0.822205095502018
"rf",0.454532963258127,0.905731907429412,0.822205095502018
"rf",0.452517702236024,0.904260736717026,0.822205095502018
"rf",0.450397098024128,0.90332710914955,0.822205095502018
"rf",0.448281073950919,0.902223731115261,0.822205095502018
"rf",0.446233751958009,0.900837435636281,0.822205095502018
"rf",0.4441177278848,0.899818932835399,0.822205095502018
"rf",0.44207040589189,0.898517512589826,0.822205095502018
"rf",0.439986442789488,0.897300967577661,0.822205095502018
"rf",0.437888739271025,0.896056130821026,0.822205095502018
"rf",0.435772715197816,0.895037628020144,0.822205095502018
"rf",0.433716232927533,0.893623040796696,0.822205095502018
"rf",0.431678071211996,0.892265037062185,0.822205095502018
"rf",0.429580367693534,0.891105075538958,0.822205095502018
"rf",0.427473503897698,0.890199739715951,0.822205095502018
"rf",0.425366640101862,0.889068069937192,0.822205095502018
"rf",0.423346798941072,0.887540315735868,0.822205095502018
"rf",0.421281156393416,0.886295478979234,0.822205095502018
"rf",0.419178872736266,0.885220392689413,0.822205095502018
"rf",0.417108650049923,0.883834097210434,0.822205095502018
"rf",0.415020106808834,0.8825892604538,0.822205095502018
"rf",0.412972784815924,0.881344423697165,0.822205095502018
"rf",0.410888821713521,0.880099586940531,0.822205095502018
"rf",0.408763637362939,0.878826458439427,0.822205095502018
"rf",0.40668883453791,0.877609913427262,0.822205095502018
"rf",0.404650672822373,0.876082159225938,0.822205095502018
"rf",0.402649152216329,0.874497821535676,0.822205095502018
"rf",0.400610990500792,0.873139817801166,0.822205095502018
"rf",0.39849954656627,0.871923272789,0.822205095502018
"rf",0.39647970540548,0.870452102076614,0.822205095502018
"rf",0.394459864244689,0.868952639619759,0.822205095502018
"rf",0.39239880183572,0.867424885418435,0.822205095502018
"rf",0.390397281229676,0.865897131217111,0.822205095502018
"rf",0.388327058543333,0.864624002716007,0.822205095502018
"rf",0.386247675579617,0.863407457703842,0.822205095502018
"rf",0.38420951386408,0.862021162224863,0.822205095502018
"rf",0.382194252841976,0.86046511627907,0.822205095502018
"rf",0.380146930849066,0.858909070333277,0.822205095502018
"rf",0.378127089688276,0.857324732643015,0.822205095502018
"rf",0.376130149220918,0.855627227974877,0.822205095502018
"rf",0.374142369030934,0.853929723306739,0.822205095502018
"rf",0.372113367592771,0.85254342782776,0.822205095502018
"rf",0.370084366154607,0.851100548859843,0.822205095502018
"rf",0.368050784577757,0.849657669891925,0.822205095502018
"rf",0.366063004387773,0.84790358173485,0.822205095502018
"rf",0.364116445445968,0.845866576133084,0.822205095502018
"rf",0.362133245394671,0.844140779720478,0.822205095502018
"rf",0.36009966381782,0.842528150285747,0.822205095502018
"rf",0.358130204182583,0.840576019917388,0.822205095502018
"rf",0.356128683576539,0.838991682227126,0.822205095502018
"rf",0.354127162970495,0.837379052792395,0.822205095502018
"rf",0.352148543057884,0.835681548124257,0.822205095502018
"rf",0.350224884809512,0.833559667289085,0.822205095502018
"rf",0.348177562816602,0.832314830532451,0.822205095502018
"rf",0.346121080546319,0.831041702031347,0.822205095502018
"rf",0.344105819524215,0.829202738640865,0.822205095502018
"rf",0.342113459195544,0.82742035873932,0.822205095502018
"rf",0.340093618034754,0.825694562326713,0.822205095502018
"rf",0.338027975487098,0.824591184292424,0.822205095502018
"rf",0.336003554187621,0.823120013580037,0.822205095502018
"rf",0.33399745344289,0.821450800656368,0.822205095502018
"rf",0.332096695887951,0.819272336332258,0.822205095502018
"rf",0.330081434865848,0.817716290386465,0.822205095502018
"rf",0.32808449439849,0.815990493973858,0.822205095502018
"rf",0.326147095734059,0.8140383636055,0.822205095502018
"rf",0.324076873047716,0.812708651615459,0.822205095502018
"rf",0.322111993551165,0.810813104736038,0.822205095502018
"rf",0.32017917502542,0.808832682623211,0.822205095502018
"rf",0.318200555112809,0.80693713574379,0.822205095502018
"rf",0.316212774922825,0.805381089797997,0.822205095502018
"rf",0.314229574871527,0.803570418151983,0.822205095502018
"rf",0.312301336484469,0.801448537316811,0.822205095502018
"rf",0.310276915184992,0.799920783115487,0.822205095502018
"rf",0.30835325693662,0.797770610535846,0.822205095502018
"rf",0.306461659659054,0.795450687489391,0.822205095502018
"rf",0.304492200023817,0.793526848865501,0.822205095502018
"rf",0.302554801359385,0.791603010241612,0.822205095502018
"rf",0.300562441030714,0.789905505573474,0.822205095502018
"rf",0.298620462227596,0.787925083460646,0.822205095502018
"rf",0.296696803979224,0.785831494369943,0.822205095502018
"rf",0.294768565592166,0.783822780512646,0.822205095502018
"rf",0.292794525818242,0.781870650144288,0.822205095502018
"rf",0.290866287431183,0.77963560233124,0.822205095502018
"rf",0.288956369598871,0.777372262773723,0.822205095502018
"rf",0.286950268854141,0.775759633338992,0.822205095502018
"rf",0.285044931160516,0.773637752503819,0.822205095502018
"rf",0.283057150970531,0.771911956091213,0.822205095502018
"rf",0.281147233138219,0.769761783511571,0.822205095502018
"rf",0.279246475583281,0.76761161093193,0.822205095502018
"rf",0.277354878305715,0.765376563118882,0.822205095502018
"rf",0.275440380334717,0.763169807050303,0.822205095502018
"rf",0.273548783057151,0.760963050981724,0.822205095502018
"rf",0.271666346056959,0.758643127935268,0.822205095502018
"rf",0.269761008363333,0.756436371866689,0.822205095502018
"rf",0.267800709005469,0.754653991965145,0.822205095502018
"rf",0.265909111727903,0.752334068918689,0.822205095502018
"rf",0.264044995282457,0.74987268714989,0.822205095502018
"rf",0.262103016479339,0.748005432014938,0.822205095502018
"rf",0.26021599934046,0.74577038420189,0.822205095502018
"rf",0.258333562340268,0.743563628133311,0.822205095502018
"rf",0.256524407559061,0.740819328919821,0.822205095502018
"rf",0.254641970558869,0.738499405873366,0.822205095502018
"rf",0.252686251339691,0.736660442482884,0.822205095502018
"rf",0.250794654062125,0.734397102925366,0.822205095502018
"rf",0.24887557595244,0.732275222090194,0.822205095502018
"rf",0.246983978674874,0.729983590788208,0.822205095502018
"rf",0.245110701952055,0.727663667741753,0.822205095502018
"rf",0.243232845090549,0.725372036439767,0.822205095502018
"rf",0.241336667674297,0.723221863860126,0.822205095502018
"rf",0.239417589564612,0.721298025236236,0.822205095502018
"rf",0.23753515256442,0.719034685678719,0.822205095502018
"rf",0.235648135425541,0.716856221354609,0.822205095502018
"rf",0.233793179257468,0.714253380863464,0.822205095502018
"rf",0.231961123782828,0.711735415605726,0.822205095502018
"rf",0.230078686782636,0.709556951281616,0.822205095502018
"rf",0.22822831075325,0.707180444746223,0.822205095502018
"rf",0.226391675139923,0.704662479488485,0.822205095502018
"rf",0.224527558694477,0.702314264697561,0.822205095502018
"rf",0.222777945716196,0.699315339783851,0.822205095502018
"rf",0.220977951212363,0.696599332314831,0.822205095502018
"rf",0.21913673546035,0.694081367057093,0.822205095502018
"rf",0.21730467998571,0.691563401799355,0.822205095502018
"rf",0.215431403262891,0.6892434787529,0.822205095502018
"rf",0.213599347788251,0.686725513495162,0.822205095502018
"rf",0.211758132036238,0.684179256492955,0.822205095502018
"rf",0.209971877948464,0.681406665534997,0.822205095502018
"rf",0.208084860809585,0.679115034233011,0.822205095502018
"rf",0.206248225196259,0.676540485486335,0.822205095502018
"rf",0.204411589582933,0.673994228484128,0.822205095502018
"rf",0.202634495772532,0.671136762292763,0.822205095502018
"rf",0.200825340991325,0.668420754823742,0.822205095502018
"rf",0.199116949261224,0.665110620720874,0.822205095502018
"rf",0.197275733509211,0.662536071974198,0.822205095502018
"rf",0.195466578728004,0.659876647994115,0.822205095502018
"rf",0.19370780547235,0.656962598313812,0.822205095502018
"rf",0.191839108888217,0.654642675267357,0.822205095502018
"rf",0.190034534245697,0.651926667798336,0.822205095502018
"rf",0.188330722654282,0.64855995020653,0.822205095502018
"rf",0.186535308289135,0.645702484015164,0.822205095502018
"rf",0.184753634340048,0.642929893057206,0.822205095502018
"rf",0.182958219974901,0.640129010354778,0.822205095502018
"rf",0.181162805609754,0.637384711141289,0.822205095502018
"rf",0.179463574157026,0.633904826571606,0.822205095502018
"rf",0.177617778266326,0.631471736547276,0.822205095502018
"rf",0.175868165288045,0.628359644655689,0.822205095502018
"rf",0.174155193419257,0.62507780229729,0.822205095502018
"rf",0.172437641411782,0.621909126916766,0.822205095502018
"rf",0.170651387324008,0.619108244214338,0.822205095502018
"rf",0.168929255177847,0.615769818367001,0.822205095502018
"rf",0.167152161367446,0.612912352175635,0.822205095502018
"rf",0.165407128527852,0.60977196853958,0.822205095502018
"rf",0.163643775133511,0.606801335370339,0.822205095502018
"rf",0.161930803264723,0.603604368245346,0.822205095502018
"rf",0.160139969038262,0.600860069031857,0.822205095502018
"rf",0.158477378695027,0.597267017484298,0.822205095502018
"rf",0.156796467797045,0.593815424659084,0.822205095502018
"rf",0.155028534264018,0.590844791489843,0.822205095502018
"rf",0.153347623366035,0.587364906920161,0.822205095502018
"rf",0.151749154964412,0.583375770950037,0.822205095502018
"rf",0.150022442679564,0.580207095569513,0.822205095502018
"rf",0.148341531781582,0.57672721099983,0.822205095502018
"rf",0.14667436129966,0.573105867707803,0.822205095502018
"rf",0.144933908598752,0.569993775816217,0.822205095502018
"rf",0.143220936729964,0.566711933457817,0.822205095502018
"rf",0.141567506664102,0.563118881910259,0.822205095502018
"rf",0.13990033618218,0.559582413851638,0.822205095502018
"rf",0.138219425284198,0.556159112770893,0.822205095502018
"rf",0.136579735634395,0.552481185989928,0.822205095502018
"rf",0.134981267232772,0.548520341764273,0.822205095502018
"rf",0.133359898137716,0.544644372772025,0.822205095502018
"rf",0.131646926268927,0.541305946924687,0.822205095502018
"rf",0.129988916064378,0.537712895377129,0.822205095502018
"rf",0.128376707246695,0.533893509873819,0.822205095502018
"rf",0.126755338151639,0.530017540881571,0.822205095502018
"rf",0.125143129333956,0.526198155378261,0.822205095502018
"rf",0.12350801982284,0.522435353363888,0.822205095502018
"rf",0.121973673362829,0.518135008204606,0.822205095502018
"rf",0.120361464545146,0.514259039212358,0.822205095502018
"rf",0.118785896836956,0.510185028008827,0.822205095502018
"rf",0.117155367464527,0.506422225994455,0.822205095502018
"rf",0.115538578508157,0.502517965257738,0.822205095502018
"rf",0.113889728580981,0.498868330221241,0.822205095502018
"rf",0.112254619069865,0.495133819951338,0.822205095502018
"rf",0.110601189004003,0.491512476659311,0.822205095502018
"rf",0.109048521989246,0.487212131500028,0.822205095502018
"rf",0.107527915945295,0.482742035873932,0.822205095502018
"rf",0.105938607821045,0.478781191648277,0.822205095502018
"rf",0.10443632233184,0.474169637299836,0.822205095502018
"rf",0.102906556010516,0.469756125162678,0.822205095502018
"rf",0.101312667747579,0.465625530470209,0.822205095502018
"rf",0.0996821383751501,0.461834436711368,0.822205095502018
"rf",0.0980149678932278,0.458297968652747,0.822205095502018
"rf",0.0965218426813964,0.453742997793244,0.822205095502018
"rf",0.095005816776132,0.449301193911617,0.822205095502018
"rf",0.0934806305934943,0.44483109828552,0.822205095502018
"rf",0.091895902607931,0.440728795337521,0.822205095502018
"rf",0.0903798767026666,0.436230407966955,0.822205095502018
"rf",0.0888455302426557,0.431845187574266,0.822205095502018
"rf",0.0873157639213316,0.42737509194817,0.822205095502018
"rf",0.0857768373226341,0.423074746788887,0.822205095502018
"rf",0.0842241703078769,0.418802693374073,0.822205095502018
"rf",0.0827035642639259,0.414389181236915,0.822205095502018
"rf",0.0812012787747213,0.409777626888474,0.822205095502018
"rf",0.0796806727307703,0.405335823006847,0.822205095502018
"rf",0.0782608297379245,0.400271600746902,0.822205095502018
"rf",0.0767539641100332,0.395716629887399,0.822205095502018
"rf",0.0753707622266803,0.390454365416172,0.822205095502018
"rf",0.0738364157666694,0.38612572851242,0.822205095502018
"rf",0.0723845118030174,0.381287840208227,0.822205095502018
"rf",0.0708593256203798,0.3768460363266,0.822205095502018
"rf",0.0693799408246082,0.372149606744752,0.822205095502018
"rf",0.0679326169996427,0.367226843207152,0.822205095502018
"rf",0.0664944534520505,0.362219204436146,0.822205095502018
"rf",0.0650562899044583,0.357296440898546,0.822205095502018
"rf",0.0636043859408063,0.352458552594353,0.822205095502018
"rf",0.0621112607289749,0.347846998245912,0.822205095502018
"rf",0.0605998149623971,0.343376902619816,0.822205095502018
"rf",0.0592715747432833,0.337746845470492,0.822205095502018
"rf",0.0578425714730642,0.332767498443954,0.822205095502018
"rf",0.0565326518086968,0.327052566061223,0.822205095502018
"rf",0.0551906711735232,0.321535675889775,0.822205095502018
"rf",0.0538257898449165,0.316131952696203,0.822205095502018
"rf",0.0525021297644893,0.310417020313473,0.822205095502018
"rf",0.0511372484358826,0.305069880608838,0.822205095502018
"rf",0.0497357259977832,0.299949074859956,0.822205095502018
"rf",0.0483800049465498,0.294488768177446,0.822205095502018
"rf",0.0469784825084504,0.289311378939625,0.822205095502018
"rf",0.0456273415959035,0.283851072257115,0.822205095502018
"rf",0.0442532999899237,0.278475640808012,0.822205095502018
"rf",0.0428929988000036,0.273100209358909,0.822205095502018
"rf",0.0415784989969497,0.267385276976178,0.822205095502018
"rf",0.040236518361776,0.261896678549199,0.822205095502018
"rf",0.0388578966171096,0.256634414077972,0.822205095502018
"rf",0.0376075187556679,0.250523397272676,0.822205095502018
"rf",0.0362701182591809,0.24494992361229,0.822205095502018
"rf",0.0349647787335,0.239150115996152,0.822205095502018
"rf",0.0337098207333718,0.233123974424263,0.822205095502018
"rf",0.032404481207691,0.227380750297063,0.822205095502018
"rf",0.0311174622367565,0.221524359191988,0.822205095502018
"rf",0.0298762446526881,0.215413342386692,0.822205095502018
"rf",0.0285709051270072,0.209670118259492,0.822205095502018
"rf",0.0274029697619244,0.203106433542692,0.822205095502018
"rf",0.0262350343968415,0.196542748825893,0.822205095502018
"rf",0.0249617558419669,0.190629774231879,0.822205095502018
"rf",0.0239266444987954,0.18324562892548,0.822205095502018
"rf",0.0227816098271456,0.176512193741866,0.822205095502018
"rf",0.0216136744620627,0.169891925536129,0.822205095502018
"rf",0.0204045178488005,0.16358286651955,0.822205095502018
"rf",0.019232002345031,0.157047473547219,0.822205095502018
"rf",0.0180411662865152,0.150596955808295,0.822205095502018
"rf",0.0169007117535519,0.143806937135744,0.822205095502018
"rf",0.0157144558337227,0.137328127652351,0.822205095502018
"rf",0.0146747643518645,0.129943982345951,0.822205095502018
"rf",0.0136167523152602,0.122701295761897,0.822205095502018
"rf",0.0125862211107752,0.115260566966559,0.822205095502018
"rf",0.0114732474099316,0.108357381316132,0.822205095502018
"rf",0.0104656168988797,0.10077519379845,0.822205095502018
"rf",0.00944882611045461,0.0932495897697052,0.822205095502018
"rf",0.00848699698626876,0.0854127765518022,0.822205095502018
"rf",0.00748852675259004,0.0778022972896509,0.822205095502018
"rf",0.00659081957001662,0.0695693996491824,0.822205095502018
"rf",0.00566105141663686,0.0615062524755276,0.822205095502018
"rf",0.00467174146033145,0.0538391897244384,0.822205095502018
"rf",0.0037831945551311,0.045549708595032,0.822205095502018
"rf",0.0029816702849762,0.0367226843207152,0.822205095502018
"rf",0.0020977035184625,0.0284049114468398,0.822205095502018
"rf",0.00129617924830761,0.0195495954280541,0.822205095502018
"rf",0.000641219416123939,0.00981723533073049,0.822205095502018
"rf",0,0,0.822205095502018
"gbm",1,1,0.829237934608143
"gbm",0.997769472459626,1,0.829237934608143
"gbm",0.995396960619968,0.999971708255531,0.829237934608143
"gbm",0.993006128225563,0.999915124766593,0.829237934608143
"gbm",0.990271785429663,0.999886833022124,0.829237934608143
"gbm",0.987725228319913,0.999886833022124,0.829237934608143
"gbm",0.985073328020373,0.999858541277655,0.829237934608143
"gbm",0.982256542728114,0.999858541277655,0.829237934608143
"gbm",0.979467238267975,0.999830249533186,0.829237934608143
"gbm",0.97664587283703,0.999830249533186,0.829237934608143
"gbm",0.973742064909725,0.999801957788717,0.829237934608143
"gbm",0.970806196011615,0.999773666044248,0.829237934608143
"gbm",0.96801231141279,0.99971708255531,0.829237934608143
"gbm",0.965145144594978,0.999688790810841,0.829237934608143
"gbm",0.962236756528988,0.999660499066372,0.829237934608143
"gbm",0.958577225718395,0.999603915577435,0.829237934608143
"gbm",0.95570089862321,0.999603915577435,0.829237934608143
"gbm",0.952554343345516,0.999575623832965,0.829237934608143
"gbm",0.949105498914507,0.999434165110621,0.829237934608143
"gbm",0.945945203220753,0.999320998132745,0.829237934608143
"gbm",0.94301391446133,0.999292706388276,0.829237934608143
"gbm",0.940311632636236,0.999236122899338,0.829237934608143
"gbm",0.937627671365889,0.9991795394104,0.829237934608143
"gbm",0.934664321635659,0.999122955921462,0.829237934608143
"gbm",0.931737613014922,0.999066372432524,0.829237934608143
"gbm",0.928943728416096,0.99889662196571,0.829237934608143
"gbm",0.925925417021627,0.998811746732304,0.829237934608143
"gbm",0.923117792006742,0.998726871498897,0.829237934608143
"gbm",0.920378869072155,0.998670288009959,0.829237934608143
"gbm",0.917662846831002,0.998557121032083,0.829237934608143
"gbm",0.914882702648236,0.998528829287614,0.829237934608143
"gbm",0.912088818049411,0.998500537543145,0.829237934608143
"gbm",0.909537680800975,0.998387370565269,0.829237934608143
"gbm",0.906894940778807,0.998330787076331,0.829237934608143
"gbm",0.904348383669057,0.998274203587393,0.829237934608143
"gbm",0.901632361427904,0.998189328353986,0.829237934608143
"gbm",0.898888858354631,0.998104453120579,0.829237934608143
"gbm",0.896204897084284,0.99807616137611,0.829237934608143
"gbm",0.893429333040204,0.997991286142704,0.829237934608143
"gbm",0.890749951908544,0.997906410909297,0.829237934608143
"gbm",0.888038509806077,0.997736660442483,0.829237934608143
"gbm",0.885409510199969,0.997708368698014,0.829237934608143
"gbm",0.882702648236189,0.997623493464607,0.829237934608143
"gbm",0.880069068491394,0.997595201720138,0.829237934608143
"gbm",0.877417168191853,0.997566909975669,0.829237934608143
"gbm",0.874820229556551,0.997397159508855,0.829237934608143
"gbm",0.872241611475995,0.997283992530979,0.829237934608143
"gbm",0.86963551256332,0.997142533808635,0.829237934608143
"gbm",0.867070634898825,0.997029366830759,0.829237934608143
"gbm",0.864455375708777,0.996972783341821,0.829237934608143
"gbm",0.861908818599027,0.996859616363945,0.829237934608143
"gbm",0.859394322460084,0.996604990663724,0.829237934608143
"gbm",0.85694852840144,0.996491823685848,0.829237934608143
"gbm",0.854424871985124,0.996378656707973,0.829237934608143
"gbm",0.851896635430121,0.996293781474566,0.829237934608143
"gbm",0.84946000164885,0.996124031007752,0.829237934608143
"gbm",0.846831002042742,0.995982572285407,0.829237934608143
"gbm",0.844380627845411,0.995841113563062,0.829237934608143
"gbm",0.841966894757573,0.995671363096248,0.829237934608143
"gbm",0.839379116399645,0.995388445651559,0.829237934608143
"gbm",0.836850879844642,0.995303570418152,0.829237934608143
"gbm",0.834276841902773,0.995162111695807,0.829237934608143
"gbm",0.831730284793023,0.995020652973462,0.829237934608143
"gbm",0.829234109208827,0.994964069484524,0.829237934608143
"gbm",0.82672419320857,0.994850902506649,0.829237934608143
"gbm",0.824104353879835,0.994794319017711,0.829237934608143
"gbm",0.821534896076653,0.994567985061959,0.829237934608143
"gbm",0.81900665952165,0.994369942850676,0.829237934608143
"gbm",0.816496743521394,0.994143608894924,0.829237934608143
"gbm",0.813986827521137,0.994030441917049,0.829237934608143
"gbm",0.811536453323807,0.993973858428111,0.829237934608143
"gbm",0.80902653732355,0.993860691450235,0.829237934608143
"gbm",0.806365476746636,0.993690940983421,0.829237934608143
"gbm",0.803736477140528,0.993464607027669,0.829237934608143
"gbm",0.801272362527137,0.993266564816387,0.829237934608143
"gbm",0.798762446526881,0.993096814349573,0.829237934608143
"gbm",0.796142607198146,0.992983647371697,0.829237934608143
"gbm",0.793623530920516,0.992842188649352,0.829237934608143
"gbm",0.791118195058946,0.992587562949131,0.829237934608143
"gbm",0.788672401000302,0.992389520737849,0.829237934608143
"gbm",0.786208286386912,0.992304645504442,0.829237934608143
"gbm",0.783748751912208,0.992106603293159,0.829237934608143
"gbm",0.78130753799225,0.991993436315283,0.829237934608143
"gbm",0.778848003517546,0.991682227126125,0.829237934608143
"gbm",0.776273965575678,0.99154076840378,0.829237934608143
"gbm",0.773910614013392,0.991314434448028,0.829237934608143
"gbm",0.771506041202928,0.991144683981214,0.829237934608143
"gbm",0.768964064231865,0.990946641769932,0.829237934608143
"gbm",0.7665594914214,0.990748599558649,0.829237934608143
"gbm",0.764132017917503,0.990578849091835,0.829237934608143
"gbm",0.761663323165426,0.990295931647145,0.829237934608143
"gbm",0.759144246887796,0.990182764669269,0.829237934608143
"gbm",0.756629750748853,0.989984722457987,0.829237934608143
"gbm",0.75408777377779,0.989843263735642,0.829237934608143
"gbm",0.75156869750016,0.989645221524359,0.829237934608143
"gbm",0.749049621222531,0.989418887568608,0.829237934608143
"gbm",0.746466423003288,0.989135970123918,0.829237934608143
"gbm",0.744034369360704,0.988853052679228,0.829237934608143
"gbm",0.741492392389641,0.988513551745601,0.829237934608143
"gbm",0.739138201104729,0.988145759067504,0.829237934608143
"gbm",0.736696987184772,0.987919425111752,0.829237934608143
"gbm",0.734209971877948,0.987777966389408,0.829237934608143
"gbm",0.731805399067484,0.987579924178125,0.829237934608143
"gbm",0.729391665979646,0.987410173711311,0.829237934608143
"gbm",0.727009993862614,0.987014089288746,0.829237934608143
"gbm",0.724678703271135,0.986674588355118,0.829237934608143
"gbm",0.722095505051893,0.986476546143835,0.829237934608143
"gbm",0.719681771964055,0.986193628699146,0.829237934608143
"gbm",0.717295519708337,0.985939002998925,0.829237934608143
"gbm",0.714886366759185,0.985712669043173,0.829237934608143
"gbm",0.712289428123884,0.985373168109546,0.829237934608143
"gbm",0.709926076561598,0.985118542409325,0.829237934608143
"gbm",0.707668068189105,0.984637582753353,0.829237934608143
"gbm",0.705268075517327,0.984298081819725,0.829237934608143
"gbm",0.702776480071817,0.983958580886097,0.829237934608143
"gbm",0.700394807954785,0.983647371696939,0.829237934608143
"gbm",0.69797649472826,0.983307870763311,0.829237934608143
"gbm",0.695613143165975,0.983024953318622,0.829237934608143
"gbm",0.693203990216824,0.982770327618401,0.829237934608143
"gbm",0.69074445574212,0.98251570191818,0.829237934608143
"gbm",0.688284921267416,0.982289367962429,0.829237934608143
"gbm",0.685944470398564,0.98197815877327,0.829237934608143
"gbm",0.683622340084458,0.981525490861767,0.829237934608143
"gbm",0.681263568660859,0.981242573417077,0.829237934608143
"gbm",0.678913957514634,0.980818197250042,0.829237934608143
"gbm",0.676568926507095,0.980535279805353,0.829237934608143
"gbm",0.674228475638242,0.980139195382787,0.829237934608143
"gbm",0.671938406294943,0.979658235726815,0.829237934608143
"gbm",0.669652917090329,0.979092400837436,0.829237934608143
"gbm",0.667239184002492,0.978781191648277,0.829237934608143
"gbm",0.664976595491311,0.978554857692525,0.829237934608143
"gbm",0.662645304899832,0.978243648503367,0.829237934608143
"gbm",0.660295693753607,0.977989022803146,0.829237934608143
"gbm",0.658019364826367,0.977706105358456,0.829237934608143
"gbm",0.655697234512261,0.977423187913767,0.829237934608143
"gbm",0.653430065862394,0.976942228257794,0.829237934608143
"gbm",0.651094195132229,0.976631019068636,0.829237934608143
"gbm",0.648827026482362,0.976065184179256,0.829237934608143
"gbm",0.646536957139062,0.975584224523284,0.829237934608143
"gbm",0.644251467934449,0.975244723589657,0.829237934608143
"gbm",0.641865215678731,0.974537429977932,0.829237934608143
"gbm",0.639575146335431,0.974084762066429,0.829237934608143
"gbm",0.637317137962938,0.973547218921519,0.829237934608143
"gbm",0.635036228897011,0.972868217054264,0.829237934608143
"gbm",0.632714098582905,0.972358965653822,0.829237934608143
"gbm",0.630414868962232,0.971962881231257,0.829237934608143
"gbm",0.628124799618933,0.971425338086346,0.829237934608143
"gbm",0.62582556999826,0.97105754540825,0.829237934608143
"gbm",0.623562981487079,0.970491710518871,0.829237934608143
"gbm",0.621314133391959,0.970123917840774,0.829237934608143
"gbm",0.619065285296839,0.969671249929271,0.829237934608143
"gbm",0.616743154982733,0.969218582017767,0.829237934608143
"gbm",0.614480566471553,0.968822497595202,0.829237934608143
"gbm",0.612250038931179,0.968454704917105,0.829237934608143
"gbm",0.609955389449192,0.968030328750071,0.829237934608143
"gbm",0.607646999551146,0.967351326882816,0.829237934608143
"gbm",0.605407311733399,0.966842075482374,0.829237934608143
"gbm",0.603158463638279,0.966304532337464,0.829237934608143
"gbm",0.600859234017606,0.965993323148305,0.829237934608143
"gbm",0.598573744812993,0.965710405703616,0.829237934608143
"gbm",0.596338637133932,0.965229446047643,0.829237934608143
"gbm",0.594085208900126,0.964748486391671,0.829237934608143
"gbm",0.591831780666319,0.964324110224636,0.829237934608143
"gbm",0.589637894235437,0.963701691846319,0.829237934608143
"gbm",0.587379885862944,0.963107565212471,0.829237934608143
"gbm",0.585172259016003,0.962343688111809,0.829237934608143
"gbm",0.582905090366136,0.961862728455837,0.829237934608143
"gbm",0.58058296005203,0.961268601821988,0.829237934608143
"gbm",0.578338692095597,0.960617891699202,0.829237934608143
"gbm",0.576053202890983,0.960080348554292,0.829237934608143
"gbm",0.573818095211923,0.959344763198099,0.829237934608143
"gbm",0.571578407394176,0.958778928308719,0.829237934608143
"gbm",0.569352459992489,0.958156509930402,0.829237934608143
"gbm",0.567163153700294,0.95739263282974,0.829237934608143
"gbm",0.564983007685473,0.95657217224014,0.829237934608143
"gbm",0.562720419174293,0.955893170372885,0.829237934608143
"gbm",0.560544853298158,0.955072709783285,0.829237934608143
"gbm",0.558401348392829,0.954082498726871,0.829237934608143
"gbm",0.556198301684575,0.953431788604085,0.829237934608143
"gbm",0.553889911786529,0.952950828948113,0.829237934608143
"gbm",0.551696025355648,0.952328410569796,0.829237934608143
"gbm",0.549479238231334,0.951762575680416,0.829237934608143
"gbm",0.547289931939139,0.951140157302099,0.829237934608143
"gbm",0.545118946201691,0.950489447179313,0.829237934608143
"gbm",0.542842617274451,0.949810445312058,0.829237934608143
"gbm",0.540534227376405,0.949046568211396,0.829237934608143
"gbm",0.538322020390777,0.948028065410513,0.829237934608143
"gbm",0.53610981340515,0.947462230521134,0.829237934608143
"gbm",0.533934247529015,0.946783228653879,0.829237934608143
"gbm",0.53175868165288,0.946047643297686,0.829237934608143
"gbm",0.529606016470179,0.945283766197024,0.829237934608143
"gbm",0.527421290316671,0.944604764329769,0.829237934608143
"gbm",0.525099160002565,0.944038929440389,0.829237934608143
"gbm",0.52292359412643,0.943275052339727,0.829237934608143
"gbm",0.520683906308683,0.942624342216941,0.829237934608143
"gbm",0.518512920571235,0.941888756860748,0.829237934608143
"gbm",0.516332774556414,0.940983421037741,0.829237934608143
"gbm",0.514175529235025,0.940304419170486,0.829237934608143
"gbm",0.511958742110711,0.939710292536638,0.829237934608143
"gbm",0.50979233651195,0.938889831947038,0.829237934608143
"gbm",0.50770379327086,0.937814745657217,0.829237934608143
"gbm",0.505509906839979,0.937107452045493,0.829237934608143
"gbm",0.503288539576978,0.936258699711424,0.829237934608143
"gbm",0.50113129425559,0.935579697844169,0.829237934608143
"gbm",0.498964888656829,0.934844112487976,0.829237934608143
"gbm",0.4968213837515,0.9339104849205,0.829237934608143
"gbm",0.494705359678291,0.932891982119618,0.829237934608143
"gbm",0.492566434911649,0.932156396763424,0.829237934608143
"gbm",0.490395449174201,0.93119447745148,0.829237934608143
"gbm",0.488274844962305,0.930232558139535,0.829237934608143
"gbm",0.48614050033435,0.929468681038873,0.829237934608143
"gbm",0.483928293348723,0.92845017823799,0.829237934608143
"gbm",0.481771048027334,0.927658009392859,0.829237934608143
"gbm",0.479696245202305,0.926582923103039,0.829237934608143
"gbm",0.477552740296976,0.925875629491314,0.829237934608143
"gbm",0.475427555946394,0.924942001923839,0.829237934608143
"gbm",0.473247409931573,0.924064957845301,0.829237934608143
"gbm",0.47113596599705,0.922961579811011,0.829237934608143
"gbm",0.469056583033334,0.922027952243535,0.829237934608143
"gbm",0.466935978821439,0.920924574209246,0.829237934608143
"gbm",0.464810794470857,0.919792904430487,0.829237934608143
"gbm",0.462726831368454,0.91863294290726,0.829237934608143
"gbm",0.460601647017872,0.917472981384032,0.829237934608143
"gbm",0.458549744886275,0.916454478583149,0.829237934608143
"gbm",0.456456621506499,0.91535110054886,0.829237934608143
"gbm",0.45434059743329,0.914162847281163,0.829237934608143
"gbm",0.452183352111902,0.91342726192497,0.829237934608143
"gbm",0.450103969148186,0.912578509590901,0.829237934608143
"gbm",0.447965044381544,0.911644882023426,0.829237934608143
"gbm",0.445890241556514,0.91042833701126,0.829237934608143
"gbm",0.443820018870171,0.909409834210377,0.829237934608143
"gbm",0.441777277015948,0.908193289198212,0.829237934608143
"gbm",0.439734535161725,0.906920160697109,0.829237934608143
"gbm",0.437696373446188,0.905675323940474,0.829237934608143
"gbm",0.435584929511666,0.904854863350874,0.829237934608143
"gbm",0.43346432529977,0.903836360549992,0.829237934608143
"gbm",0.431380362197367,0.90278956600464,0.829237934608143
"gbm",0.429273498401532,0.901601312736943,0.829237934608143
"gbm",0.427262817518114,0.900384767724778,0.829237934608143
"gbm",0.425146793444905,0.899422848412833,0.829237934608143
"gbm",0.422994128262204,0.898291178634075,0.829237934608143
"gbm",0.42096512682404,0.897244384088723,0.829237934608143
"gbm",0.418940705524563,0.895999547332089,0.829237934608143
"gbm",0.416907123947713,0.894896169297799,0.829237934608143
"gbm",0.414804840290564,0.893679624285633,0.829237934608143
"gbm",0.412702556633415,0.892378204040061,0.829237934608143
"gbm",0.410678135333938,0.891105075538958,0.829237934608143
"gbm",0.408552950983356,0.890001697504668,0.829237934608143
"gbm",0.406468987880953,0.888841735981441,0.829237934608143
"gbm",0.404494948107029,0.887342273524586,0.829237934608143
"gbm",0.402406404865939,0.886040853279013,0.829237934608143
"gbm",0.400327021902223,0.884796016522379,0.829237934608143
"gbm",0.398247638938507,0.883579471510213,0.829237934608143
"gbm",0.39623695805509,0.882108300797827,0.829237934608143
"gbm",0.394308719668031,0.880241045662876,0.829237934608143
"gbm",0.392293458645928,0.878854750183896,0.829237934608143
"gbm",0.390282777762511,0.877723080405138,0.829237934608143
"gbm",0.388240035908287,0.87630849318169,0.829237934608143
"gbm",0.38625683585699,0.875063656425055,0.829237934608143
"gbm",0.384282796083065,0.873366151756917,0.829237934608143
"gbm",0.382258374783588,0.871923272789,0.829237934608143
"gbm",0.380169831542499,0.870819894754711,0.829237934608143
"gbm",0.378154570520395,0.869348724042324,0.829237934608143
"gbm",0.376066027279306,0.868019012052283,0.829237934608143
"gbm",0.374023285425083,0.866547841339897,0.829237934608143
"gbm",0.372035505235099,0.865161545860918,0.829237934608143
"gbm",0.370116427125413,0.863379165959373,0.829237934608143
"gbm",0.368110326380683,0.862049453969332,0.829237934608143
"gbm",0.366090485219892,0.860776325468228,0.829237934608143
"gbm",0.364070644059102,0.85936173824478,0.829237934608143
"gbm",0.362110344701238,0.857777400554518,0.829237934608143
"gbm",0.360191266591552,0.856051604141911,0.829237934608143
"gbm",0.358208066540255,0.85443897470718,0.829237934608143
"gbm",0.35624776718239,0.852656594805636,0.829237934608143
"gbm",0.354223345882913,0.85118542409325,0.829237934608143
"gbm",0.352185184167377,0.849827420358739,0.829237934608143
"gbm",0.350169923145273,0.848356249646353,0.829237934608143
"gbm",0.348159242261856,0.846885078933967,0.829237934608143
"gbm",0.346056958604707,0.845696825666271,0.829237934608143
"gbm",0.344037117443916,0.844225654953884,0.829237934608143
"gbm",0.342085978363425,0.842613025519154,0.829237934608143
"gbm",0.340084457757381,0.84108527131783,0.829237934608143
"gbm",0.338156219370323,0.839246307927347,0.829237934608143
"gbm",0.336195920012458,0.837718553726023,0.829237934608143
"gbm",0.334208139822474,0.836105924291292,0.829237934608143
"gbm",0.332316542544908,0.834097210433995,0.829237934608143
"gbm",0.330305861661491,0.832682623210547,0.829237934608143
"gbm",0.328437165077359,0.830447575397499,0.829237934608143
"gbm",0.326453965026061,0.828806654218299,0.829237934608143
"gbm",0.324360841646285,0.827476942228258,0.829237934608143
"gbm",0.322409702565794,0.825609687093306,0.829237934608143
"gbm",0.320440242930556,0.823997057658575,0.829237934608143
"gbm",0.318539485375617,0.822044927290217,0.829237934608143
"gbm",0.316615827127245,0.820205963899734,0.829237934608143
"gbm",0.314692168878874,0.818621626209472,0.829237934608143
"gbm",0.312736449659696,0.816952413285803,0.829237934608143
"gbm",0.31085859279819,0.815028574661914,0.829237934608143
"gbm",0.308870812608206,0.81350082046059,0.829237934608143
"gbm",0.306905933111655,0.811916482770328,0.829237934608143
"gbm",0.30497311458591,0.8099360606575,0.829237934608143
"gbm",0.303044876198851,0.808012222033611,0.829237934608143
"gbm",0.301130378227853,0.806173258643128,0.829237934608143
"gbm",0.299188399424735,0.804362586997114,0.829237934608143
"gbm",0.297264741176363,0.802495331862163,0.829237934608143
"gbm",0.295373143898797,0.800543201493804,0.829237934608143
"gbm",0.293422004818306,0.798421320658632,0.829237934608143
"gbm",0.291502926708621,0.796440898545804,0.829237934608143
"gbm",0.289560947905503,0.794630226899791,0.829237934608143
"gbm",0.28767851090531,0.792480054320149,0.829237934608143
"gbm",0.285773173211685,0.790499632207322,0.829237934608143
"gbm",0.283913636904925,0.788208000905336,0.829237934608143
"gbm",0.282150283510585,0.785718327392067,0.829237934608143
"gbm",0.28018998415272,0.784020822723929,0.829237934608143
"gbm",0.278321287568588,0.781842358399819,0.829237934608143
"gbm",0.27633808751729,0.780371187687433,0.829237934608143
"gbm",0.274437329962351,0.778475640808012,0.829237934608143
"gbm",0.272573213516905,0.776184009506026,0.829237934608143
"gbm",0.270745738180952,0.77389237820404,0.829237934608143
"gbm",0.268904522428939,0.771657330390992,0.829237934608143
"gbm",0.267072466954299,0.769337407344537,0.829237934608143
"gbm",0.265176289538047,0.76707406778702,0.829237934608143
"gbm",0.263362554618154,0.764640977762689,0.829237934608143
"gbm",0.261438896369782,0.762490805183048,0.829237934608143
"gbm",0.259551879230903,0.760397216092344,0.829237934608143
"gbm",0.257687762785457,0.758190460023765,0.829237934608143
"gbm",0.255837386756071,0.756096870933062,0.829237934608143
"gbm",0.254023651836178,0.753861823120014,0.829237934608143
"gbm",0.252122894281239,0.751796525773779,0.829237934608143
"gbm",0.250409922412451,0.748882476093476,0.829237934608143
"gbm",0.248628248463364,0.746138176879986,0.829237934608143
"gbm",0.246782452572664,0.743818253833531,0.829237934608143
"gbm",0.244913755988531,0.741639789509421,0.829237934608143
"gbm",0.243035899127026,0.739602783907656,0.829237934608143
"gbm",0.241093920323907,0.737650653539297,0.829237934608143
"gbm",0.23932598679088,0.734821479092401,0.829237934608143
"gbm",0.237512251870987,0.732529847790415,0.829237934608143
"gbm",0.235730577921899,0.729955299043739,0.829237934608143
"gbm",0.233875621753827,0.727946585186443,0.829237934608143
"gbm",0.232098527943426,0.725372036439767,0.829237934608143
"gbm",0.230367235519892,0.722514570248401,0.829237934608143
"gbm",0.228626782818984,0.719741979290443,0.829237934608143
"gbm",0.226744345818791,0.717789848922085,0.829237934608143
"gbm",0.224930610898898,0.715413342386692,0.829237934608143
"gbm",0.223144356811124,0.712923668873423,0.829237934608143
"gbm",0.221348942445977,0.710462287104623,0.829237934608143
"gbm",0.219571848635577,0.707717987891133,0.829237934608143
"gbm",0.21774895343831,0.705482940078085,0.829237934608143
"gbm",0.215948958934477,0.702823516098003,0.829237934608143
"gbm",0.214217666510942,0.699994341651106,0.829237934608143
"gbm",0.212495534364781,0.697193458948679,0.829237934608143
"gbm",0.210677219306201,0.694732077179879,0.829237934608143
"gbm",0.208918446050546,0.691987777966389,0.829237934608143
"gbm",0.207136772101459,0.6892434787529,0.829237934608143
"gbm",0.205345937874999,0.686668930006224,0.829237934608143
"gbm",0.203605485174091,0.683811463814859,0.829237934608143
"gbm",0.201915413998736,0.680727663667742,0.829237934608143
"gbm",0.200115419494902,0.678294573643411,0.829237934608143
"gbm",0.198283364020263,0.676116109319301,0.829237934608143
"gbm",0.196538331180668,0.673371810105811,0.829237934608143
"gbm",0.194880320976119,0.670061676002942,0.829237934608143
"gbm",0.193153608691271,0.667147626322639,0.829237934608143
"gbm",0.191303232661885,0.665025745487467,0.829237934608143
"gbm",0.189567360099664,0.662394613251853,0.829237934608143
"gbm",0.187813166982696,0.659678605782833,0.829237934608143
"gbm",0.186086454697848,0.656821139591467,0.829237934608143
"gbm",0.184378062967747,0.653850506422226,0.829237934608143
"gbm",0.182591808879973,0.651417416397895,0.829237934608143
"gbm",0.180828455485632,0.648927742884626,0.829237934608143
"gbm",0.179110903478157,0.646013693204323,0.829237934608143
"gbm",0.177283428142204,0.643495727946585,0.829237934608143
"gbm",0.175611677521595,0.640327052566061,0.829237934608143
"gbm",0.173884965236747,0.637497878119165,0.829237934608143
"gbm",0.172204054338765,0.634498953205455,0.829237934608143
"gbm",0.170463601637858,0.631867820969841,0.829237934608143
"gbm",0.168787270878562,0.6288971878006,0.829237934608143
"gbm",0.167097199703207,0.625756804164545,0.829237934608143
"gbm",0.165416288805225,0.62287104622871,0.829237934608143
"gbm",0.163735377907243,0.619589203870311,0.829237934608143
"gbm",0.161994925206335,0.616788321167883,0.829237934608143
"gbm",0.16031859444704,0.613732812765235,0.829237934608143
"gbm",0.158601042439565,0.61087534657387,0.829237934608143
"gbm",0.156970513067136,0.607565212471001,0.829237934608143
"gbm",0.155298762446527,0.604396537090477,0.829237934608143
"gbm",0.15373235501571,0.600690318565043,0.829237934608143
"gbm",0.1521293064754,0.597040683528546,0.829237934608143
"gbm",0.150503357241657,0.593617382447802,0.829237934608143
"gbm",0.148918629256094,0.589996039155774,0.829237934608143
"gbm",0.147292680022351,0.58657273807503,0.829237934608143
"gbm",0.145657570511235,0.583149436994285,0.829237934608143
"gbm",0.144036201416179,0.579782719402478,0.829237934608143
"gbm",0.142401091905063,0.576359418321734,0.829237934608143
"gbm",0.140793463226066,0.572766366774175,0.829237934608143
"gbm",0.139085071495965,0.569710858371527,0.829237934608143
"gbm",0.137500343510402,0.565948056357155,0.829237934608143
"gbm",0.135970577189077,0.562043795620438,0.829237934608143
"gbm",0.134344627955335,0.558677078028631,0.829237934608143
"gbm",0.132801121217951,0.554772817291914,0.829237934608143
"gbm",0.131188912400268,0.551406099700107,0.829237934608143
"gbm",0.129613344692077,0.547615005941266,0.829237934608143
"gbm",0.128097318786813,0.543654161715611,0.829237934608143
"gbm",0.126526331217309,0.539778192723363,0.829237934608143
"gbm",0.124836260041954,0.536694392576246,0.829237934608143
"gbm",0.123182829976092,0.53332767498444,0.829237934608143
"gbm",0.121497338939423,0.530158999603916,0.829237934608143
"gbm",0.119926351369919,0.526367905845074,0.829237934608143
"gbm",0.118346203523043,0.522576812086233,0.829237934608143
"gbm",0.116747735121419,0.519068635772082,0.829237934608143
"gbm",0.115231709216155,0.515051208057489,0.829237934608143
"gbm",0.113706523033517,0.51120353080971,0.829237934608143
"gbm",0.11216759643482,0.507214394839586,0.829237934608143
"gbm",0.110656150668242,0.503168675380524,0.829237934608143
"gbm",0.109080582960052,0.499377581621683,0.829237934608143
"gbm",0.107619518719027,0.495020652973462,0.829237934608143
"gbm",0.106163034616688,0.490663724325242,0.829237934608143
"gbm",0.104619527879304,0.486674588355118,0.829237934608143
"gbm",0.103080601280607,0.482742035873932,0.829237934608143
"gbm",0.101596636346149,0.478526565948056,0.829237934608143
"gbm",0.100089770718257,0.474480846488995,0.829237934608143
"gbm",0.0986561873093518,0.470067334351836,0.829237934608143
"gbm",0.0971722223748935,0.465738697448085,0.829237934608143
"gbm",0.0957019978564951,0.461438352288802,0.829237934608143
"gbm",0.0942409336154699,0.457081423640582,0.829237934608143
"gbm",0.0928256707613107,0.452356702314265,0.829237934608143
"gbm",0.091392087352405,0.447886606688168,0.829237934608143
"gbm",0.0899356032500664,0.44347309455101,0.829237934608143
"gbm",0.0885020198411608,0.439059582413852,0.829237934608143
"gbm",0.0870409556001356,0.4347309455101,0.829237934608143
"gbm",0.0855890516364836,0.430430600350818,0.829237934608143
"gbm",0.0841417278115182,0.425932212980252,0.829237934608143
"gbm",0.0826715032931197,0.421688451309908,0.829237934608143
"gbm",0.0811646376652285,0.417671023595315,0.829237934608143
"gbm",0.0797814357818755,0.412776551802184,0.829237934608143
"gbm",0.0783295318182234,0.408334747920557,0.829237934608143
"gbm",0.0769554902122436,0.403440276127426,0.829237934608143
"gbm",0.0755035862485917,0.399139930968143,0.829237934608143
"gbm",0.0740974836718056,0.394386917897358,0.829237934608143
"gbm",0.0726730605402731,0.389831947037854,0.829237934608143
"gbm",0.0712532175474273,0.385163809200475,0.829237934608143
"gbm",0.0698104738611485,0.380637130085441,0.829237934608143
"gbm",0.0684547528099151,0.375601199569965,0.829237934608143
"gbm",0.0670944516199951,0.370593560798959,0.829237934608143
"gbm",0.0657982723716874,0.365218129349856,0.829237934608143
"gbm",0.0644013300722746,0.360493408023539,0.829237934608143
"gbm",0.0629494261086225,0.355995020652973,0.829237934608143
"gbm",0.0615937050573891,0.351043965370905,0.829237934608143
"gbm",0.0601280606776773,0.34654557800034,0.829237934608143
"gbm",0.0586578361592789,0.342103774118712,0.829237934608143
"gbm",0.0572425733051197,0.337548803259209,0.829237934608143
"gbm",0.055877691976513,0.332484580999264,0.829237934608143
"gbm",0.0545448716187126,0.327363775250382,0.829237934608143
"gbm",0.0532395320930318,0.322016635545748,0.829237934608143
"gbm",0.0518700706257386,0.317178747241555,0.829237934608143
"gbm",0.0506242729029835,0.3115769818367,0.829237934608143
"gbm",0.0493738950415419,0.306003508176314,0.829237934608143
"gbm",0.0481235171801002,0.300430034515928,0.829237934608143
"gbm",0.0468410783478523,0.295111186555763,0.829237934608143
"gbm",0.045599860763784,0.289537712895377,0.829237934608143
"gbm",0.0443861240118351,0.283653030045833,0.829237934608143
"gbm",0.0430899447635275,0.278305890341198,0.829237934608143
"gbm",0.041940329953191,0.272109998302495,0.829237934608143
"gbm",0.040694532230436,0.266593108131047,0.829237934608143
"gbm",0.0394853756171737,0.26079330051491,0.829237934608143
"gbm",0.038234997755732,0.255134951621117,0.829237934608143
"gbm",0.0370395815585296,0.249193685282635,0.829237934608143
"gbm",0.0358075242518343,0.243393877666497,0.829237934608143
"gbm",0.0344930244487803,0.238046737961863,0.829237934608143
"gbm",0.0332243260325923,0.232558139534884,0.829237934608143
"gbm",0.0320243296967032,0.226730040174277,0.829237934608143
"gbm",0.0308518141929338,0.220703898602388,0.829237934608143
"gbm",0.0296792986891643,0.214677757030498,0.829237934608143
"gbm",0.0284243406890361,0.209189158603519,0.829237934608143
"gbm",0.0272197642144604,0.203219600520568,0.829237934608143
"gbm",0.0260609891267508,0.197023708481865,0.829237934608143
"gbm",0.0248838934842947,0.190969275165507,0.829237934608143
"gbm",0.0237296985352716,0.184801674871273,0.829237934608143
"gbm",0.0225800837249351,0.178634074577038,0.829237934608143
"gbm",0.0214258887759121,0.172494766027273,0.829237934608143
"gbm",0.0203403959071881,0.165874497821536,0.829237934608143
"gbm",0.0191953612355382,0.159650314038364,0.829237934608143
"gbm",0.0181327690602472,0.153001754088157,0.829237934608143
"gbm",0.0170381159141498,0.146466361115826,0.829237934608143
"gbm",0.0160121648483517,0.13953488372093,0.829237934608143
"gbm",0.0149678932278069,0.13271657330391,0.829237934608143
"gbm",0.0138824003590828,0.12615288858711,0.829237934608143
"gbm",0.0128014876290454,0.119589203870311,0.829237934608143
"gbm",0.0117297351763811,0.112884060431166,0.829237934608143
"gbm",0.0106579827237169,0.106263792225429,0.829237934608143
"gbm",0.00966409262872481,0.0991625643637187,0.829237934608143
"gbm",0.00871600392059868,0.0917218355683811,0.829237934608143
"gbm",0.00776791521247266,0.0843659820064505,0.829237934608143
"gbm",0.0068885285846455,0.0765574605330165,0.829237934608143
"gbm",0.00599998167944527,0.0688338142929893,0.829237934608143
"gbm",0.00512517519030475,0.0609687093306173,0.829237934608143
"gbm",0.00434197147489623,0.052566061223335,0.829237934608143
"gbm",0.00352212664999496,0.0444180388162734,0.829237934608143
"gbm",0.00271602224115342,0.0361568494313359,0.829237934608143
"gbm",0.00195571921917792,0.0276127426017088,0.829237934608143
"gbm",0.0012137367519488,0.0189554687942059,0.829237934608143
"gbm",0.000567937197138324,0.0097323600973236,0.829237934608143
"gbm",0,0,0.829237934608143
