"variavel","rotulo","unidade","odds_ratio","ic95_inf","ic95_sup","p_valor"
"CholCheck","Checou colesterol (5 anos)","sim vs. não",3.46945976311292,3.03311810011437,3.96857314834054,1.53264716101332e-73
"HighBP","Pressão alta","sim vs. não",2.13307658330337,2.07226063789971,2.19567733277447,0
"HighChol","Colesterol alto","sim vs. não",1.78338934905329,1.73650087666012,1.83154388982161,0
"GenHlth","Saúde geral (1 excelente … 5 ruim)","+1 nível",1.70906444501977,1.6820229452342,1.73654068483829,0
"BMI","IMC","+5 kg/m²",1.35572507312107,1.34381485872927,1.36774084759501,0
"Sex","Sexo masculino","sim vs. não",1.29451165454165,1.2608140353296,1.32910990581262,5.27530496593881e-82
"HeartDiseaseorAttack","Doença cardíaca / infarto","sim vs. não",1.2466032419411,1.20385996869804,1.29086412309125,3.24833728517551e-35
"Stroke","AVC prévio","sim vs. não",1.14359825130686,1.08869781181211,1.20126718929956,9.01383161684765e-08
"Age","Faixa etária (13 faixas de 5 anos)","+1 faixa (5 anos)",1.13161365061806,1.12542622231063,1.13783509649883,0
"DiffWalk","Dificuldade para andar","sim vs. não",1.13109994449233,1.09407788307717,1.16937478055236,4.00564647126328e-13
"AnyHealthcare","Tem cobertura de saúde","sim vs. não",1.08617179739119,1.0172141857708,1.1598040903785,0.0135124868869424
"NoDocbcCost","Deixou de ir ao médico por custo","sim vs. não",1.0181193796721,0.973189555661964,1.06512350572734,0.435505209634711
"Smoker","Fumante (≥ 100 cigarros na vida)","sim vs. não",0.98966361587795,0.964383124646557,1.01560681389109,0.431290931226163
"Education","Escolaridade (1–6)","+1 nível",0.969645169334547,0.956487664855117,0.982983669273184,9.7747623193134e-06
"Veggies","Come verdura todo dia","sim vs. não",0.967392180428592,0.937683467634881,0.998042157141658,0.0372413471460707
"MentHlth","Dias de saúde mental ruim (30 d)","+10 dias",0.964334574206971,0.948329672868388,0.980609589277294,2.10851839672498e-05
"Fruits","Come fruta todo dia","sim vs. não",0.951293842113142,0.926105586863695,0.977167168494337,0.000265352157441386
"Income","Renda (1–8)","+1 faixa",0.949816646206367,0.943194178464518,0.956485612410561,3.73409755557391e-47
"PhysActivity","Atividade física (30 dias)","sim vs. não",0.949513891377713,0.923007962868342,0.976780988018245,0.000335413534542939
"PhysHlth","Dias de saúde física ruim (30 d)","+10 dias",0.928609301998181,0.914459164559074,0.942978395512426,3.26082086424315e-21
"HvyAlcoholConsump","Consumo pesado de álcool","sim vs. não",0.463396238883398,0.42969021150604,0.499746255467727,1.16009486629268e-88
