"modelo","estrategia","auc_media","auc_dp","coef_variacao","amplitude","n_pacientes","delta_vs_zeros","p_valor"
"logistica","zeros_mantidos",0.830807407407407,0.042941298728951,0.0516862251661336,0.179230769230769,768,0,NA
"logistica","casos_completos",0.844845857860042,0.0494984936833496,0.0585887866086332,0.227513227513228,392,0.0140384504526342,NA
"logistica","mediana",0.835957834757835,0.0405243880094824,0.0484765933454308,0.177037037037037,768,0.00515042735042734,0.493633577014181
"logistica","mice",0.836072934472934,0.0417515028427524,0.0499376323778174,0.179259259259259,768,0.00526552706552706,0.500705763464662
"arvore","zeros_mantidos",0.713939886039886,0.0563586791591666,0.0789403705566577,0.21037037037037,768,0,NA
"arvore","casos_completos",0.765156772554185,0.0771490225284396,0.10082773268922,0.334284016636958,392,0.0512168865142989,NA
"arvore","mediana",0.73064358974359,0.0736035230310271,0.100737930318197,0.295185185185185,768,0.0167037037037037,0.220815819149701
"arvore","mice",0.73085584045584,0.0631261134993965,0.0863728658992781,0.271481481481481,768,0.0169159544159544,0.262321757206427
"rf","zeros_mantidos",0.828403988603989,0.0454448829454721,0.0548583584466499,0.17,768,0,NA
"rf","casos_completos",0.849042419866133,0.0563211214881485,0.0663348734648953,0.288246919321088,392,0.020638431262144,NA
"rf","mediana",0.830935612535613,0.0463675006414877,0.0558015566332469,0.202962962962963,768,0.00253162393162393,0.58808950737236
"rf","mice",0.82865698005698,0.0477907578887262,0.0576725461063998,0.203333333333333,768,0.000252991452991456,0.967373665239981
"gbm","zeros_mantidos",0.834079202279202,0.0473578267666373,0.0567785728708107,0.214814814814815,768,0,NA
"gbm","casos_completos",0.854509710670002,0.0547660840679439,0.0640906514976911,0.280443501511276,392,0.0204305083907994,NA
"gbm","mediana",0.838319373219373,0.0466859705669863,0.0556899578590193,0.205925925925926,768,0.00424017094017095,0.296652831648578
"gbm","mice",0.837732763532763,0.0448821540384346,0.0535757415636511,0.191851851851852,768,0.00365356125356126,0.469233984566335
