"estrategia","modelo","auc_modelo","auc_logistica","diferenca_media","ic95_inf","ic95_sup","t","gl","p_valor","ganho_relevante","folds_modelo_vence"
"zeros_mantidos","arvore",0.713939886039886,0.830807407407407,-0.116867521367521,-0.156753233656225,-0.0769818090788179,-5.88817557688093,49,3.47835853199676e-07,FALSE,0
"zeros_mantidos","rf",0.828403988603989,0.830807407407407,-0.00240341880341881,-0.0215175890900446,0.0167107514832069,-0.252684309042736,49,0.801569204540408,FALSE,0.54
"zeros_mantidos","gbm",0.834079202279202,0.830807407407407,0.00327179487179486,-0.0151097241320091,0.0216533138755988,0.357691763883319,49,0.722110181959484,FALSE,0.56
"casos_completos","arvore",0.765156772554185,0.844845857860042,-0.0796890853058567,-0.128060988724141,-0.0313171818875725,-3.31062458128528,49,0.00175226069437611,FALSE,0.14
"casos_completos","rf",0.849042419866133,0.844845857860042,0.00419656200609097,-0.0202119633719119,0.0286050873840938,0.345506619425603,49,0.731192468789351,FALSE,0.54
"casos_completos","gbm",0.854509710670002,0.844845857860042,0.00966385280996014,-0.0153843780312821,0.0347120836512023,0.775313810593843,49,0.441880021023538,FALSE,0.62
"mediana","arvore",0.73064358974359,0.835957834757835,-0.105314245014245,-0.155586406788844,-0.0550420832396461,-4.20982292041641,49,0.00010878033073265,FALSE,0.08
"mediana","rf",0.830935612535613,0.835957834757835,-0.00502222222222223,-0.0244371250601809,0.0143926806157364,-0.519834350826921,49,0.605519651679832,FALSE,0.34
"mediana","gbm",0.838319373219373,0.835957834757835,0.00236153846153847,-0.0163918509915177,0.0211149279145946,0.253057679291282,49,0.801282321554717,FALSE,0.52
"mice","arvore",0.73085584045584,0.836072934472934,-0.105217094017094,-0.148801847150902,-0.0616323408832865,-4.85127599576654,49,1.28585010972394e-05,FALSE,0.02
"mice","rf",0.82865698005698,0.836072934472934,-0.00741595441595442,-0.0275135065000805,0.0126815976681717,-0.741529032570696,49,0.461912130829546,FALSE,0.38
"mice","gbm",0.837732763532763,0.836072934472934,0.00165982905982906,-0.0154104906923957,0.0187301488120539,0.19540063835449,49,0.845887341882698,FALSE,0.52
