"estrategia","modelo","n_avaliacoes","auc_media","auc_dp","acuracia_media","acuracia_dp","sensibilidade_media","sensibilidade_dp","especificidade_media","especificidade_dp","precisao_media","precisao_dp","f1_media","f1_dp","brier_media","brier_dp"
"casos_completos","gbm",50,0.854509710670002,0.0547660840679439,0.780997492473895,0.0585751571537753,0.556478224389989,0.11113735002112,0.895100989249536,0.0589108995894307,0.729617271617272,0.121845279558788,0.623138849595278,0.0923927671137549,0.149831018816068,0.0252904059286704
"casos_completos","rf",50,0.849042419866132,0.0563211214881484,0.780596176060663,0.058892522192595,0.606364850835439,0.107071932171728,0.868114305743627,0.0738513216549316,0.704914089178795,0.123929339761887,0.643523804570756,0.0851101064227369,0.146871581953866,0.0263694255282838
"casos_completos","logistica",50,0.844845857860042,0.0494984936833496,0.776193180169138,0.056006702998301,0.560938744262274,0.107798416004715,0.882212247877289,0.0527932286404709,0.70802281052281,0.101550630151485,0.619939825104247,0.0883701670013436,0.151404584944911,0.0284972461322264
"casos_completos","arvore",50,0.765156772554185,0.0771490225284397,0.766656300043268,0.0644625805921386,0.681688373717785,0.116748857271645,0.809976923704494,0.0863279797553779,0.647838276876203,0.119102551081731,0.656068400698327,0.0869597357051628,0.169460595779649,0.0361090322886276
"mediana","gbm",50,0.838319373219373,0.0466859705669863,0.756773752563226,0.0532504692612928,0.527749287749288,0.0897868358069475,0.8796,0.0560597349043948,0.708175333841318,0.105139916729868,0.601226466254909,0.0858864932035971,0.158544564479839,0.0174902436987735
"mediana","logistica",50,0.835957834757835,0.0405243880094824,0.770051264524949,0.0393122568309287,0.565185185185185,0.0765629105277008,0.88,0.0444467119602973,0.721281126447475,0.0829410475245331,0.630520916900063,0.0664248555639437,0.156716280648712,0.0208917771456666
"mediana","rf",50,0.830935612535613,0.0463675006414876,0.760676691729323,0.0538256337043467,0.603105413105413,0.0756100562826171,0.8452,0.0701962264233743,0.687733733026751,0.101469680561665,0.638263689952246,0.0707652041921072,0.158851689965824,0.0208563417078134
"mediana","arvore",50,0.73064358974359,0.073603523031027,0.745580997949419,0.0493940019739645,0.561652421652422,0.133918299685607,0.8444,0.0749737368982619,0.672443187283057,0.0951033607671281,0.600186993053885,0.0921695070063672,0.185286151083008,0.02754466659525
"mice","gbm",50,0.837732763532763,0.0448821540384346,0.759128503075871,0.0498044082749037,0.533817663817664,0.0950447520715679,0.88,0.0532993088747932,0.71038045232214,0.0958899826824599,0.605333696305528,0.0841348951158307,0.158701509813626,0.0174410818792608
"mice","logistica",50,0.836072934472934,0.0417515028427524,0.767457279562543,0.0410151850715608,0.566723646723647,0.0775698145348194,0.8752,0.0468710780672226,0.714399988903724,0.0848956842013946,0.628674978044701,0.0669743548710238,0.157110302508327,0.0218272415499499
"mice","rf",50,0.82865698005698,0.0477907578887262,0.756520847573479,0.0532018621395364,0.593418803418803,0.081476403983038,0.844,0.0623354977979184,0.678335465082202,0.0939846350474972,0.629861524732355,0.0742937990944221,0.1595706749419,0.0214286684517685
"mice","arvore",50,0.73085584045584,0.0631261134993964,0.746903622693096,0.0452027385999368,0.565356125356125,0.131263669868951,0.8444,0.0704840407468244,0.673802268440356,0.0922714466218409,0.602970243888135,0.088041982158766,0.185458805327232,0.0247077135816712
"zeros_mantidos","gbm",50,0.834079202279202,0.0473578267666374,0.759647983595352,0.0513552817470946,0.527777777777778,0.0918181777932462,0.884,0.0554020555133295,0.715970907143983,0.102451209802798,0.603615926214507,0.0854367559349377,0.160215565972287,0.0176175300453032
"zeros_mantidos","logistica",50,0.830807407407407,0.042941298728951,0.776578947368421,0.0367597765550045,0.575669515669516,0.0729454647511164,0.8844,0.0426260435864828,0.732718610994456,0.0756898588807043,0.641536024896919,0.0607891717715231,0.157232228573517,0.020268798554346
"zeros_mantidos","rf",50,0.828403988603989,0.045444882945472,0.768482570061517,0.0535254024356798,0.604501424501425,0.0810353857156301,0.8564,0.0643574203260231,0.701903219891019,0.0970502105035999,0.645817854670328,0.0749060058090833,0.159631968120301,0.0201453531755904
"zeros_mantidos","arvore",50,0.713939886039886,0.0563586791591665,0.744036226930964,0.0456853101527255,0.529287749287749,0.107404222608995,0.8592,0.0616719431462036,0.67933907383916,0.0935084986762227,0.586644616472764,0.0840238118738054,0.188762430509052,0.0232692521530691
