"modelo","variavel","bruto","relativa","ranking"
"logistica","pregnant",3.68494309138252,45.7815988802419,3
"logistica","glucose",8.04896111431538,100,1
"logistica","pressure",1.13292028021892,14.0753603369257,6
"logistica","triceps",0.641859859891759,7.97444354340572,8
"logistica","insulin",0.749950129341146,9.3173531178742,7
"logistica","mass",4.14853587328696,51.5412587334859,2
"logistica","pedigree",2.93511262967128,36.4657325086473,4
"logistica","age",1.41224774872419,17.5457146415139,5
"arvore","pregnant",0,0,8
"arvore","glucose",64.367016839328,100,1
"arvore","pressure",4.986177360793,7.74647887323942,5
"arvore","triceps",4.75061453921685,7.38051065979221,6
"arvore","insulin",18.3779917401384,28.551877409533,3
"arvore","mass",23.9420870540033,37.196204251266,2
"arvore","pedigree",0.246437700891048,0.382863325025924,7
"arvore","age",6.63206816542852,10.3035195525426,4
"rf","pregnant",0.0132262653978451,21.779427238541,5
"rf","glucose",0.060728251725738,100,1
"rf","pressure",0.000231061492109342,0.380484347141864,8
"rf","triceps",0.0105813739373235,17.4241372617004,6
"rf","insulin",0.0154403365152267,25.4252939553713,4
"rf","mass",0.0233771071787171,38.4946157914989,2
"rf","pedigree",0.00704599890023572,11.6025057530999,7
"rf","age",0.0175238906893951,28.8562410268894,3
"gbm","pregnant",2.983172270308,5.2126492005828,6
"gbm","glucose",57.2294845771409,100,1
"gbm","pressure",0,0,8
"gbm","triceps",4.56664956515572,7.97953991530403,4
"gbm","insulin",2.17335500296154,3.79761414770742,7
"gbm","mass",16.9981823817484,29.7017918426928,2
"gbm","pedigree",3.99713251238777,6.98439369482691,5
"gbm","age",12.0520236902977,21.0591162568527,3
